レースID,区分,月日時分,頭数,単勝票数,複勝票数,1単,1複Lo,1複Hi,2単,2複Lo,2複Hi,3単,3複Lo,3複Hi,4単,4複Lo,4複Hi,5単,5複Lo,5複Hi,6単,6複Lo,6複Hi,7単,7複Lo,7複Hi,8単,8複Lo,8複Hi,9単,9複Lo,9複Hi,10単,10複Lo,10複Hi,11単,11複Lo,11複Hi,12単,12複Lo,12複Hi,13単,13複Lo,13複Hi,14単,14複Lo,14複Hi,15単,15複Lo,15複Hi,16単,16複Lo,16複Hi
2025120607050101,1,12051831,16,          1,          1,   0.0,   0.0,   0.0,   0.0,   0.0,   0.0,   0.0,   0.0,   0.0,   0.0,   0.0,   0.0,   0.0,   0.0,   0.0,   0.0,   0.0,   0.0,   0.0,   0.0,   0.0,   0.0,   0.0,   0.0,   0.0,   0.0,   0.0,   0.0,   0.0,   0.0,   1.0,   1.0,   1.0,   0.0,   0.0,   0.0,   0.0,   0.0,   0.0,   0.0,   0.0,   0.0,   0.0,   0.0,   0.0,   0.0,   0.0,   0.0
2025120607050101,1,12051836,16,         33,         29,   0.0,   0.0,   0.0,   2.6,   1.8,  11.6,  26.4,   3.2,  23.2,   5.2,   0.0,   0.0,   0.0,   0.0,   0.0,   5.2,   3.2,  23.2,   0.0,   1.8,  11.6,   0.0,   3.2,  23.2,   0.0,   0.0,   0.0,   0.0,   1.8,  11.6,   3.3,   1.1,   1.4,   0.0,   0.0,   0.0,  13.2,   1.5,   7.7,  26.4,   0.0,   0.0,   0.0,   0.0,   0.0,  26.4,   3.2,  23.2
2025120607050101,1,12051841,16,         56,        282,   0.0,   0.0,   0.0,   4.4,   1.0,   1.1,  44.8,  13.3, 225.6,   5.6,   6.9, 112.8,   0.0,  13.3, 225.6,   8.9,  13.3, 225.6,   0.0,   6.9, 112.8,   2.2,   1.0,   7.2,   0.0,  13.3, 225.6,   0.0,   3.7,  56.4,   5.6,   1.0,   8.3,   0.0,   0.0,   0.0,  22.4,   3.0,  45.1,  44.8,  13.3, 225.6,   0.0,   0.0,   0.0,  44.8,   4.8,  75.2
2025120607050101,1,12051846,16,         69,        307,   0.0,   0.0,   0.0,   5.5,   1.1,   1.1,  55.2,   9.8,  61.6,   6.9,   4.2,  24.8,   0.0,  19.2, 122.8,  11.0,   2.6,  14.0,   7.8,   5.2,  31.0,   2.7,   1.1,   4.1,   0.0,  19.2, 122.8,   0.0,   5.2,  31.0,   6.9,   1.2,   4.7,   0.0,   9.8,  61.6,  27.6,   4.2,  24.8,  55.2,   5.2,  31.0,   0.0,   9.8,  61.6,   7.8,   6.7,  41.2
2025120607050101,1,12051851,16,        132,        461, 105.6,  41.3, 122.1,   8.1,   1.1,   1.1,  52.8,  14.1,  41.2,  13.2,   8.6,  24.9,  52.8,  14.1,  41.2,  21.1,   3.4,   9.2,  15.0,  10.7,  31.0,   5.2,   1.7,   4.2,   2.1,   1.1,   1.7, 105.6,   8.6,  24.9,  11.7,   1.9,   4.7,   0.0,  20.9,  61.4,  52.8,   8.6,  24.9, 105.6,  10.7,  31.0,  52.8,   4.6,  12.7,  11.7,   1.6,   4.0
2025120607050101,1,12051856,16,        188,        485,  21.4,   4.8,  12.1,  10.7,   1.1,   1.1,  75.2,  16.1,  43.0,  18.8,   9.9,  26.0,  18.8,   4.1,  10.3,  15.0,   3.8,   9.6,   8.8,  12.2,  32.4,   6.8,   1.8,   4.1,   2.3,   1.1,   1.7, 150.4,   9.9,  26.0,   7.1,   2.1,   4.9, 150.4,  16.1,  43.0,  75.2,   9.9,  26.0, 150.4,  12.2,  32.4,  75.2,   5.2,  13.3,  16.7,   1.8,   4.1
2025120607050101,1,12051901,16,        213,        602,   9.4,   1.3,   2.1,  10.6,   1.1,   1.3,  85.2,  26.5,  53.4,  21.3,  16.1,  32.3,  21.3,   6.5,  12.7,  15.4,   5.7,  11.1,   9.4,  11.6,  23.2,   7.4,   2.7,   4.9,   2.6,   1.3,   2.0,  85.2,  13.5,  27.0,   7.7,   2.5,   4.6, 170.4,  26.5,  53.4,  42.6,  13.5,  27.0,  42.6,  20.0,  40.2,  85.2,   8.3,  16.4,  17.0,   2.2,   4.0
2025120607050101,1,12051906,16,        224,        624,   9.9,   1.3,   2.1,  10.5,   1.1,   1.3,  59.7,  21.3,  41.6,  19.9,  17.1,  33.4,  22.4,   6.9,  13.1,  16.2,   5.7,  10.8,   9.4,  12.4,  24.0,   7.1,   2.7,   4.8,   2.8,   1.3,   2.1,  89.6,  14.4,  27.9,   7.1,   2.4,   4.3, 179.2,  28.2,  55.2,  44.8,  10.9,  21.1,  44.8,  21.3,  41.6,  89.6,   8.8,  16.9,  14.9,   2.0,   3.5
2025120607050101,1,12051911,16,        306,        729,  12.8,   1.4,   2.3,  12.2,   1.1,   1.4,  81.6,  24.5,  48.4,  10.2,  19.7,  38.9,  30.6,   7.9,  15.3,   8.4,   6.1,  11.8,   9.7,  14.2,  27.9,   9.0,   1.8,   3.2,   3.4,   1.2,   1.7,  61.2,  11.2,  21.8,   9.0,   2.6,   4.7, 122.4,  19.7,  38.9,  61.2,  12.5,  24.5,  48.9,  19.7,  38.9, 122.4,  10.1,  19.7,   6.9,   2.2,   4.0
2025120607050101,1,12051916,16,        319,        760,  13.4,   1.5,   2.4,  12.7,   1.1,   1.4,  85.0,  26.4,  50.5,  10.6,  21.2,  40.5,  31.9,   8.4,  15.9,   8.8,   6.6,  12.3,  10.2,  12.0,  22.7,   8.8,   1.7,   2.9,   3.4,   1.2,   1.8,  63.8,  10.8,  20.5,   7.7,   2.3,   4.0, 127.6,  21.2,  40.5,  51.0,  12.0,  22.7,  42.5,  17.7,  33.9,  85.0,   9.9,  18.7,   7.0,   2.4,   4.1
2025120607050101,1,12051921,16,        410,       1319,  16.4,   1.8,   3.8,  14.9,   1.2,   2.0,  82.0,  36.4,  87.4,  12.1,  10.0,  23.8,  32.8,  11.5,  27.3,   9.6,   8.9,  21.0,  13.1,  16.4,  39.3,   9.6,   2.2,   4.6,   3.4,   1.4,   2.7,  32.8,  14.8,  35.4,   6.8,   2.1,   4.4, 109.3,  24.4,  58.5,  12.6,  16.4,  39.3,  46.8,  16.4,  39.3,  82.0,  13.5,  32.2,   8.0,   1.1,   1.1
2025120607050101,1,12051926,16,        444,       1422,  16.9,   2.0,   4.0,  13.6,   1.2,   2.0,  71.0,  27.7,  63.0,  13.1,  11.4,  25.6,  35.5,  13.1,  29.4,  10.1,  10.1,  22.6,  14.2,  18.6,  42.3,  10.1,   2.4,   5.0,   3.5,   1.3,   2.3,  22.2,   8.7,  19.3,   5.9,   2.1,   4.2, 118.4,  27.7,  63.0,  13.6,  18.6,  42.3,  50.7,  13.1,  29.4,  88.8,  15.3,  34.7,   8.0,   1.1,   1.2
2025120607050101,1,12051931,16,        494,       1463,  18.8,   2.1,   4.1,  14.6,   1.2,   2.0,  79.0,  29.1,  64.8,  10.6,   5.4,  11.5,  39.5,  13.7,  30.2,  11.2,   9.1,  19.8,  15.2,  19.6,  43.5,  10.9,   2.4,   4.7,   3.9,   1.3,   2.4,  23.2,   9.1,  19.8,   5.3,   2.2,   4.3, 131.7,  29.1,  64.8,  10.9,  17.7,  39.2,  49.4,  13.7,  30.2,  98.8,  16.1,  35.7,   7.1,   1.1,   1.2
2025120607050101,1,12051936,16,        527,       1479,  18.3,   2.1,   4.1,  14.5,   1.2,   2.0,  84.3,  29.6,  65.6,  11.3,   5.5,  11.7,  35.1,  12.1,  26.6,   9.3,   8.8,  19.1,  16.2,  19.9,  44.0,  10.5,   2.4,   4.7,   4.1,   1.3,   2.4,  23.4,   9.2,  20.0,   5.3,   2.2,   4.3, 140.5,  29.6,  65.6,  11.0,  16.4,  36.0,  42.1,  12.1,  26.6, 105.4,  16.4,  36.0,   7.3,   1.1,   1.2
2025120607050101,1,12051941,16,        569,       1501,  17.5,   2.1,   4.1,   9.1,   1.2,   2.0,  91.0,  22.8,  50.0,  12.3,   5.6,  11.8,  35.0,  12.4,  26.9,  10.1,   8.6,  18.5,  12.6,  18.3,  40.1,  11.1,   2.4,   4.7,   4.4,   1.4,   2.4,  23.9,   9.0,  19.4,   5.6,   2.2,   4.3, 113.8,  30.2,  66.4,  11.9,  15.3,  33.5,  45.5,  11.6,  25.3,  91.0,  15.3,  33.5,   7.9,   1.1,   1.2
2025120607050101,1,12051946,16,        596,       1513,  18.3,   2.1,   4.1,   7.5,   1.2,   2.0,  95.3,  20.6,  44.8,  12.8,   5.6,  11.9,  36.6,  12.5,  27.1,  10.1,   8.3,  17.9,  13.2,  18.6,  40.4,  10.5,   2.4,   4.7,   4.5,   1.4,   2.4,  25.0,   7.4,  15.8,   5.8,   2.2,   4.3, 119.2,  30.6,  66.9,  12.5,  15.6,  33.8,  43.3,  11.8,  25.5,  95.3,  15.6,  33.8,   7.9,   1.1,   1.2
2025120607050101,1,12051951,16,        655,       1580,  20.1,   2.3,   4.3,   7.1,   1.3,   2.1, 104.8,  20.3,  42.1,  12.4,   6.0,  12.1,  37.4,  10.4,  21.3,  10.2,   6.0,  12.1,  14.1,  18.5,  38.4,   8.5,   2.4,   4.6,   4.6,   1.4,   2.5,  20.1,   6.1,  12.4,   6.0,   2.3,   4.3, 131.0,  25.3,  52.5,  13.7,  14.6,  30.2,  43.6,   6.3,  12.7, 104.8,  17.0,  35.2,   8.4,   1.1,   1.2
2025120607050101,1,12051956,16,        722,       1757,  21.3,   2.4,   4.7,   7.1,   1.3,   2.1, 115.5,  21.7,  46.8,  13.1,   6.4,  13.4,  41.2,  11.1,  23.7,  10.6,   4.4,   9.1,  13.1,   6.4,  13.4,   6.9,   2.6,   5.0,   5.0,   1.5,   2.7,  19.9,   6.4,  13.4,   5.8,   2.4,   4.7, 144.4,  27.0,  58.3,  13.7,  13.7,  29.5,  38.5,   6.4,  13.4, 115.5,  16.8,  36.2,   9.1,   1.1,   1.2
2025120607050101,1,12052001,16,        796,       1994,  22.7,   2.9,   5.2,   7.7,   1.5,   2.3, 127.3,  24.7,  48.3,  13.5,   7.5,  14.3,  42.4,  11.6,  22.4,   9.9,   3.3,   6.1,  11.5,   2.6,   4.6,   6.3,   2.3,   4.0,   5.5,   1.8,   3.0,  14.1,   7.0,  13.3,   6.3,   2.7,   4.8, 159.2,  33.8,  66.2,  14.1,  16.2,  31.5,  30.3,   7.3,  14.0, 127.3,  21.0,  41.0,   9.7,   1.1,   1.2
2025120607050101,1,12052006,16,        834,       2035,  23.8,   3.0,   5.3,   7.8,   1.5,   2.3, 133.4,  25.7,  49.2,  14.1,   7.4,  13.9,  44.4,  11.6,  22.0,  10.4,   3.3,   5.9,  11.9,   2.7,   4.7,   6.5,   2.3,   4.0,   5.8,   1.8,   3.1,  11.5,   5.2,   9.6,   6.5,   2.8,   4.9, 166.8,  35.1,  67.4,  14.5,  16.8,  32.1,  25.6,   7.2,  13.6, 133.4,  15.1,  28.8,   8.6,   1.1,   1.3
2025120607050101,1,12052011,16,        888,       2091,  25.3,   3.1,   5.5,   8.0,   1.5,   2.3, 142.0,  26.9,  50.4,  15.1,   7.8,  14.3,  39.4,   8.8,  16.3,  10.7,   3.3,   5.8,  10.0,   2.7,   4.7,   5.8,   2.2,   3.8,   6.1,   1.9,   3.1,  12.0,   5.3,   9.7,   6.8,   2.8,   4.9, 177.6,  29.6,  55.4,  14.8,  12.6,  23.5,  25.3,   7.2,  13.3, 118.4,  15.0,  28.1,   8.9,   1.1,   1.3
2025120607050101,1,12052016,16,        943,       2226,  26.9,   3.2,   5.7,   8.4,   1.5,   2.2, 150.8,  25.7,  49.2,  15.7,   7.4,  13.8,  41.9,   8.9,  16.8,  11.4,   3.4,   6.1,  10.1,   2.8,   4.9,   5.5,   2.3,   4.0,   5.9,   1.9,   3.3,  12.1,   5.4,  10.1,   6.1,   2.5,   4.4, 188.6,  28.0,  53.6,  15.7,  13.1,  25.0,  26.9,   7.2,  13.5, 125.7,  14.9,  28.5,   9.2,   1.1,   1.3
2025120607050101,1,12052021,16,       1150,       2280,  10.5,   3.2,   5.7,   7.8,   1.5,   2.2, 131.4,  26.8,  50.4,  17.3,   6.9,  12.8,  41.8,   9.0,  16.8,  12.7,   3.3,   5.8,  10.4,   2.8,   4.9,   6.6,   2.2,   3.8,   7.1,   2.0,   3.3,  12.7,   5.1,   9.3,   6.8,   2.6,   4.5, 153.3,  29.2,  54.9,  18.4,  12.2,  22.8,  30.6,   7.1,  13.0, 102.2,  14.8,  27.8,   6.7,   1.1,   1.3
2025120607050101,1,12052026,16,       1255,       2344,  11.5,   3.3,   5.8,   6.5,   1.5,   2.2, 143.4,  25.8,  47.8,  18.5,   7.2,  13.1,  45.6,   9.2,  16.7,  13.3,   3.2,   5.5,   9.5,   2.8,   4.8,   6.6,   2.1,   3.6,   7.7,   2.0,   3.4,  13.5,   5.1,   9.2,   6.3,   2.6,   4.5, 143.4,  24.0,  44.4,  19.6,  12.3,  22.6,  31.3,   7.4,  13.4, 100.4,  14.2,  26.2,   7.2,   1.1,   1.3
2025120607050101,1,12052031,16,       1322,       2436,  12.0,   3.5,   6.0,   6.4,   1.5,   2.2, 132.2,  25.5,  46.1,  17.9,   7.0,  12.4,  48.0,   8.8,  15.8,  13.9,   3.3,   5.7,   9.9,   2.9,   4.9,   7.0,   2.0,   3.3,   8.1,   2.1,   3.5,  14.2,   5.3,   9.4,   5.8,   2.8,   4.7, 151.0,  23.8,  43.1,  18.8,   9.7,  17.4,  29.3,   5.6,   9.9, 105.7,  15.1,  27.2,   6.7,   1.1,   1.3
2025120607050101,1,12052036,16,       1391,       2505,  12.2,   3.3,   5.7,   6.1,   1.5,   2.2, 101.1,  26.3,  47.5,  18.2,   6.9,  12.3,  48.3,   8.9,  15.8,  14.2,   3.4,   5.8,  10.4,   3.0,   5.0,   7.0,   2.0,   3.2,   8.3,   2.1,   3.5,  13.4,   5.0,   8.7,   6.0,   2.8,   4.7, 123.6,  24.6,  44.3,  17.6,   9.8,  17.4,  29.2,   5.6,   9.9,  92.7,  15.6,  28.0,   6.9,   1.1,   1.4
2025120607050101,1,12052041,16,       1477,       2551,  12.5,   3.4,   5.7,   5.7,   1.5,   2.2,  98.4,  25.4,  45.1,  18.7,   7.2,  12.5,  51.3,   8.8,  15.4,  14.0,   3.4,   5.8,  10.4,   3.0,   5.0,   7.4,   2.0,   3.2,   8.8,   2.2,   3.6,  13.1,   5.1,   8.8,   6.1,   2.6,   4.3, 118.1,  25.4,  45.1,  16.1,   7.4,  12.9,  25.6,   5.7,  10.0,  98.4,  15.4,  27.4,   6.9,   1.2,   1.4
2025120607050101,1,12052046,16,       1703,       2848,  14.4,   3.9,   6.3,   6.3,   1.5,   2.2,  56.7,  16.5,  28.2,  21.2,   8.1,  13.6,  59.2,   9.7,  16.4,  15.1,   3.8,   6.2,  11.9,   3.4,   5.5,   3.8,   1.4,   2.1,  10.1,   2.5,   3.9,  15.1,   5.6,   9.4,   7.0,   2.9,   4.6, 136.2,  29.3,  50.2,  18.6,   8.5,  14.4,  28.9,   6.4,  10.7, 113.5,  17.8,  30.4,   8.0,   1.2,   1.5
2025120607050101,1,12052051,16,       1746,       3061,  14.7,   4.3,   6.7,   6.4,   1.5,   2.2,  58.2,  17.3,  28.3,  21.1,   8.9,  14.4,  55.8,  10.6,  17.3,  15.5,   2.6,   3.9,  12.2,   3.7,   5.8,   3.9,   1.5,   2.2,  10.1,   2.3,   3.5,  15.3,   6.3,  10.1,   7.2,   3.1,   4.9, 139.6,  32.9,  53.9,  19.1,   9.5,  15.4,  23.2,   7.0,  11.2, 116.4,  20.0,  32.7,   7.5,   1.2,   1.5
2025120607050101,1,12052056,16,       1798,       3212,  14.6,   3.6,   5.7,   6.0,   1.5,   2.3,  59.9,  18.0,  29.7,  20.8,   9.0,  14.6,  55.3,  11.1,  18.1,  14.6,   2.5,   3.9,  12.6,   3.8,   6.0,   4.0,   1.5,   2.0,  10.4,   2.4,   3.6,  15.6,   6.2,  10.0,   7.2,   3.0,   4.7, 143.8,  34.4,  56.6,  19.7,   9.9,  16.1,  23.5,   7.1,  11.5, 119.8,  20.8,  34.3,   7.5,   1.2,   1.6
2025120607050101,1,12052101,16,       1974,       3431,  15.7,   3.9,   6.0,   6.2,   1.6,   2.3,  63.1,  19.2,  30.6,  17.7,   7.8,  12.2,  54.4,  11.3,  17.9,  12.7,   2.4,   3.5,  11.6,   3.6,   5.5,   4.3,   1.5,   2.1,  10.8,   2.5,   3.7,  14.1,   5.2,   8.0,   7.1,   3.1,   4.6,  78.9,  35.6,  56.7,  17.5,  10.7,  16.9,  25.8,   7.3,  11.4, 131.6,  21.3,  33.9,   8.0,   1.3,   1.6
2025120607050101,1,12052106,16,       2339,       3744,  16.2,   4.1,   6.2,   5.7,   1.6,   2.2,  71.9,  21.6,  33.4,  19.6,   7.8,  12.0,  55.0,  12.7,  19.5,  14.8,   2.6,   3.8,  13.0,   3.6,   5.4,   4.4,   1.6,   2.3,  12.0,   2.7,   3.9,   7.5,   2.7,   3.9,   8.1,   3.4,   5.0,  93.5,  40.1,  61.9,  20.3,  11.4,  17.5,  28.7,   7.6,  11.6, 155.9,  23.9,  37.0,   8.0,   1.4,   1.7
2025120607050101,1,12052111,16,       2537,       5372,  17.4,   4.6,   8.3,   6.0,   1.7,   2.8,  75.1,  24.0,  44.9,  21.1,   9.1,  16.8,  57.9,  13.9,  25.9,  15.9,   3.0,   5.2,  14.1,   4.2,   7.5,   3.8,   1.8,   3.1,  12.9,   3.1,   5.4,   7.3,   3.1,   5.3,   8.2,   1.1,   1.3,  96.6,  44.7,  83.8,  21.8,  13.0,  24.2,  27.4,   8.6,  15.8, 169.1,  28.3,  53.1,   8.3,   1.5,   2.2
2025120607050101,1,12052116,16,       2659,       5545,  18.1,   4.8,   8.5,   5.4,   1.8,   2.8,  78.7,  23.9,  43.6,  21.7,   7.8,  13.9,  57.4,  14.0,  25.3,  14.7,   3.0,   5.1,  14.7,   4.1,   7.2,   3.8,   1.9,   3.1,  13.5,   3.1,   5.3,   7.4,   2.7,   4.5,   8.5,   1.1,   1.3, 101.2,  47.2,  86.5,  21.2,  10.4,  18.8,  27.6,   8.9,  15.9, 177.2,  28.9,  52.8,   8.6,   1.5,   2.2
2025120607050101,1,12052121,16,       2886,       5961,   9.9,   2.8,   4.5,   5.4,   1.7,   2.6,  79.6,  27.0,  46.9,  22.2,   7.9,  13.5,  56.3,  13.0,  22.4,  15.8,   3.3,   5.5,  15.7,   4.5,   7.5,   4.1,   2.1,   3.3,  13.6,   3.2,   5.3,   8.0,   3.0,   4.8,   9.0,   1.2,   1.4, 100.3,  53.6,  93.0,  21.9,  11.6,  20.0,  26.2,   8.1,  13.7, 164.9,  32.7,  56.8,   8.7,   1.6,   2.4
2025120607050101,1,12052126,16,       2971,       6187,   9.3,   2.8,   4.5,   5.6,   1.8,   2.6,  76.6,  25.8,  43.6,  22.4,   5.7,   9.4,  52.8,  12.8,  21.5,  16.0,   3.5,   5.6,  15.9,   4.7,   7.7,   4.2,   2.2,   3.4,  13.2,   3.3,   5.4,   8.0,   3.0,   4.7,   8.8,   1.2,   1.4, 103.3,  57.0,  96.5,  21.4,   7.1,  11.8,  25.8,   8.6,  14.2, 158.4,  32.5,  55.0,   8.8,   1.7,   2.4
2025120607050101,1,12052131,16,       3238,       6531,   9.8,   3.0,   4.7,   5.9,   1.7,   2.5,  83.5,  26.0,  42.6,  24.4,   6.1,   9.8,  53.9,  13.6,  22.1,  16.6,   2.5,   3.9,  10.2,   5.0,   7.9,   4.6,   2.3,   3.5,   9.0,   3.6,   5.6,   8.7,   3.2,   5.0,   9.1,   1.2,   1.5, 112.6,  62.1, 101.8,  23.3,   7.7,  12.3,  26.9,   8.2,  13.3, 172.6,  34.3,  56.2,   9.3,   1.7,   2.5
2025120607050101,1,12052136,16,       3872,       6645,  11.6,   3.1,   4.7,   6.4,   1.7,   2.5,  96.8,  26.0,  42.2,  26.9,   5.7,   9.0,  64.5,  13.6,  21.9,  18.4,   2.5,   3.8,  12.2,   5.1,   8.0,   4.0,   2.4,   3.6,  10.8,   3.7,   5.7,   9.6,   3.2,   5.0,  10.6,   1.2,   1.5, 134.6,  28.0,  45.4,  27.4,   7.6,  12.1,  30.9,   8.3,  13.2, 193.6,  32.1,  52.0,   5.1,   1.7,   2.5
2025120607050101,1,12052141,16,       4061,       6777,  12.2,   3.2,   4.8,   6.6,   1.8,   2.6, 101.5,  26.2,  42.1,  25.9,   5.9,   9.2,  64.9,  14.0,  22.3,  13.5,   2.4,   3.6,  12.2,   5.1,   8.0,   4.2,   2.4,   3.6,  11.3,   3.8,   5.8,   9.4,   3.0,   4.5,  10.0,   1.2,   1.5, 129.9,  28.8,  46.3,  28.7,   7.8,  12.3,  29.5,   7.9,  12.4, 191.1,  32.1,  51.5,   5.3,   1.8,   2.5
2025120607050101,1,12052146,16,       4209,       6886,  12.3,   3.2,   4.9,   6.4,   1.8,   2.5, 105.2,  26.8,  42.7,  19.0,   5.7,   8.9,  66.0,  14.1,  22.4,  13.9,   2.4,   3.6,  12.6,   4.9,   7.6,   4.3,   2.4,   3.6,  11.6,   3.8,   5.8,   9.7,   3.0,   4.5,  10.0,   1.3,   1.5, 134.6,  29.5,  47.0,  29.5,   7.8,  12.3,  29.5,   7.4,  11.6, 198.0,  32.8,  52.3,   5.2,   1.8,   2.5
2025120607050101,1,12052151,16,       4414,       6971,  12.7,   3.2,   4.9,   6.4,   1.8,   2.5, 100.8,  27.2,  43.3,  18.7,   5.5,   8.5,  50.4,  12.6,  19.8,  13.2,   2.4,   3.6,  12.7,   5.0,   7.6,   4.3,   2.4,   3.6,  11.8,   3.8,   5.7,   9.7,   3.0,   4.6,  10.1,   1.3,   1.5, 141.2,  29.9,  47.6,  30.4,   7.9,  12.3,  30.7,   7.2,  11.3, 160.5,  33.3,  53.0,   5.3,   1.8,   2.6
2025120607050101,1,12052156,16,       4566,       7187,  13.0,   3.3,   5.0,   6.3,   1.8,   2.5, 104.3,  27.5,  43.6,  19.2,   5.6,   8.7,  48.0,  12.3,  19.3,  13.6,   2.4,   3.6,  12.7,   4.9,   7.6,   4.4,   2.4,   3.6,  12.0,   3.8,   5.7,  10.0,   3.1,   4.7,  10.0,   1.3,   1.6, 146.1,  31.0,  49.1,  30.4,   7.5,  11.6,  26.4,   6.7,  10.5, 166.0,  33.5,  53.1,   5.1,   1.7,   2.5
2025120607050101,1,12052201,16,       4691,       7377,  13.3,   3.4,   5.1,   6.5,   1.8,   2.5, 107.2,  28.5,  44.7,  19.6,   5.8,   8.9,  48.7,  12.2,  19.0,  11.3,   2.3,   3.3,  12.5,   4.9,   7.5,   4.5,   2.5,   3.6,  12.1,   3.8,   5.8,  10.3,   3.2,   4.8,   9.6,   1.3,   1.6, 138.9,  30.5,  47.9,  31.2,   7.6,  11.7,  26.9,   6.7,  10.4, 170.5,  34.7,  54.5,   5.2,   1.8,   2.5
2025120607050101,1,12052206,16,       4885,       7718,  13.6,   3.5,   5.2,   6.6,   1.7,   2.4, 111.6,  29.2,  45.8,  17.9,   5.8,   8.9,  48.8,  10.7,  16.7,  10.3,   2.2,   3.3,  12.9,   4.6,   7.0,   4.7,   2.6,   3.8,  12.0,   3.5,   5.2,  10.4,   3.3,   4.9,   9.5,   1.3,   1.6, 139.5,  32.0,  50.2,  30.5,   7.6,  11.7,  27.9,   7.0,  10.7, 177.6,  36.4,  57.0,   5.2,   1.8,   2.6
2025120607050101,1,12052211,16,       5054,       7889,  14.0,   3.5,   5.3,   6.3,   1.6,   2.3, 106.4,  28.4,  44.8,  18.0,   5.8,   8.9,  48.7,  10.8,  16.9,  10.2,   2.2,   3.2,  13.2,   4.7,   7.1,   4.8,   2.6,   3.8,  12.1,   3.5,   5.3,  10.6,   3.2,   4.7,   9.7,   1.3,   1.6, 126.3,  30.4,  47.8,  31.3,   7.4,  11.5,  28.4,   7.1,  10.9, 183.7,  37.0,  58.2,   5.0,   1.8,   2.6
2025120607050101,1,12052216,16,       5602,       8332,  15.5,   3.8,   5.6,   6.6,   1.7,   2.4, 117.9,  28.6,  43.6,  18.9,   5.6,   8.4,  53.3,  11.6,  17.5,  11.1,   2.3,   3.3,  11.1,   4.8,   7.1,   3.7,   2.7,   3.9,  13.1,   3.6,   5.3,  11.7,   2.3,   3.3,  10.6,   1.4,   1.7, 140.0,  32.3,  49.3,  34.2,   7.8,  11.7,  30.2,   7.6,  11.4, 203.7,  40.3,  61.5,   5.4,   1.9,   2.7
2025120607050101,1,12052221,16,       5827,       8608,  14.4,   3.5,   5.0,   6.5,   1.8,   2.4, 119.5,  29.9,  45.1,  19.5,   5.9,   8.6,  54.8,  12.0,  18.0,  11.2,   2.2,   3.1,  10.7,   4.8,   7.0,   3.8,   2.8,   4.0,  13.5,   3.7,   5.4,  12.1,   2.3,   3.3,  10.7,   1.4,   1.7, 145.6,  33.9,  51.0,  31.2,   7.8,  11.5,  28.2,   7.6,  11.2, 211.8,  41.1,  61.8,   5.5,   2.0,   2.7
2025120607050101,1,12052226,16,       5907,       8787,  14.6,   3.5,   5.1,   6.4,   1.7,   2.3, 118.1,  28.2,  42.7,  19.4,   5.9,   8.7,  54.9,  11.7,  17.6,  10.8,   2.2,   3.1,  10.8,   4.9,   7.1,   3.8,   2.8,   4.1,  13.5,   3.7,   5.3,  11.9,   2.3,   3.3,  10.8,   1.4,   1.8, 147.6,  34.4,  52.0,  30.6,   7.5,  11.2,  27.4,   7.6,  11.4, 214.8,  41.7,  63.1,   5.6,   2.0,   2.7
2025120607050101,1,12052231,16,       6159,       8990,  15.1,   3.6,   5.2,   6.5,   1.7,   2.3, 117.3,  28.1,  42.2,  19.9,   6.0,   8.8,  55.9,  11.2,  16.6,  11.0,   2.2,   3.1,  11.3,   5.0,   7.3,   3.9,   2.9,   4.1,  14.1,   3.8,   5.5,   8.9,   2.4,   3.4,  11.1,   1.5,   1.8, 144.9,  34.7,  52.1,  31.7,   7.7,  11.4,  28.1,   7.8,  11.5, 214.2,  43.0,  64.5,   5.7,   1.8,   2.5
2025120607050101,1,12052236,16,       6270,       9093,  15.1,   3.6,   5.2,   6.5,   1.7,   2.3, 119.4,  28.5,  42.6,  18.5,   6.1,   8.9,  57.0,  11.1,  16.5,  10.6,   2.2,   3.1,  11.4,   4.9,   7.1,   4.0,   2.9,   4.1,  14.1,   3.8,   5.5,   9.0,   2.4,   3.4,  11.1,   1.5,   1.8, 147.5,  35.2,  52.6,  32.3,   7.8,  11.5,  27.8,   7.8,  11.5, 218.0,  34.4,  51.5,   5.7,   1.8,   2.5
2025120607050101,1,12052241,16,       6443,       9470,  14.9,   3.6,   5.2,   6.3,   1.7,   2.2, 119.8,  29.1,  43.6,  18.2,   6.3,   9.2,  53.6,  11.6,  17.2,  10.6,   2.1,   2.9,  11.6,   5.0,   7.3,   4.1,   3.0,   4.3,  13.6,   3.9,   5.7,   9.2,   2.5,   3.5,  11.4,   1.5,   1.9, 143.1,  35.8,  53.6,  32.8,   7.7,  11.4,  28.3,   8.1,  12.0, 206.1,  35.1,  52.5,   5.6,   1.8,   2.4
2025120607050101,1,12052246,16,       6680,       9696,  15.5,   3.7,   5.4,   6.4,   1.7,   2.2, 124.2,  29.5,  43.9,  18.8,   6.4,   9.4,  54.5,   9.9,  14.6,  10.9,   2.2,   3.0,  12.0,   5.1,   7.4,   4.2,   3.1,   4.3,  13.8,   4.0,   5.7,   9.0,   2.5,   3.6,  10.7,   1.5,   1.9, 130.3,  36.1,  53.8,  33.4,   7.9,  11.5,  29.2,   8.3,  12.1, 213.7,  36.1,  53.8,   5.2,   1.7,   2.3
2025120607050101,1,12052251,16,       6947,      10114,  14.0,   3.8,   5.5,   6.6,   1.6,   2.3, 129.2,  30.3,  45.8,  19.6,   6.3,   9.4,  56.7,  10.2,  15.2,  10.7,   2.2,   3.0,  12.4,   5.2,   7.6,   4.3,   3.1,   4.5,  14.2,   4.1,   5.9,   8.6,   2.6,   3.7,   9.6,   1.5,   1.9, 135.5,  36.4,  54.9,  34.7,   7.9,  11.8,  28.6,   7.2,  10.6, 222.3,  37.1,  56.1,   5.4,   1.6,   2.1
2025120607050101,1,12052256,16,       7158,      10326,  14.4,   3.8,   5.5,   6.7,   1.7,   2.3, 133.1,  27.1,  40.6,  18.2,   5.3,   7.8,  57.8,  10.5,  15.5,  10.7,   2.1,   2.9,  12.8,   5.3,   7.8,   4.5,   3.2,   4.6,  14.6,   4.1,   5.9,   8.8,   2.6,   3.7,   8.4,   1.5,   2.0, 139.6,  37.4,  56.0,  35.5,   8.1,  12.0,  29.0,   7.3,  10.7, 220.2,  35.9,  53.9,   5.3,   1.6,   2.1
2025120607050101,1,12052301,16,       7308,      10454,  14.3,   3.8,   5.4,   6.6,   1.7,   2.3, 132.8,  27.4,  41.1,  17.9,   5.3,   7.8,  56.7,   9.2,  13.7,  10.5,   2.1,   3.0,  12.6,   5.3,   7.7,   4.5,   3.2,   4.6,  14.4,   4.1,   6.0,   8.8,   2.7,   3.8,   8.4,   1.5,   2.0, 114.6,  37.8,  56.7,  35.8,   7.8,  11.5,  29.6,   7.3,  10.7, 224.8,  34.4,  51.5,   5.4,   1.6,   2.1
2025120607050101,1,12052306,16,       7506,      10611,  14.1,   3.8,   5.5,   6.3,   1.7,   2.3, 133.4,  27.6,  41.1,  17.8,   5.1,   7.5,  56.1,   9.3,  13.7,  10.7,   2.1,   2.9,  12.6,   5.2,   7.5,   4.7,   3.2,   4.6,  14.6,   4.1,   5.9,   9.0,   2.7,   3.8,   8.5,   1.5,   2.0, 115.4,  38.6,  57.6,  33.7,   7.6,  11.1,  28.8,   7.4,  10.8, 230.9,  34.5,  51.4,   5.4,   1.6,   2.1
2025120607050101,1,12052311,16,       7928,      10949,  14.8,   3.9,   5.6,   6.7,   1.7,   2.3, 140.9,  27.4,  41.2,  18.5,   5.2,   7.7,  58.7,   9.5,  14.1,  10.9,   2.1,   3.0,  12.4,   5.2,   7.7,   4.9,   3.3,   4.8,  14.8,   3.7,   5.4,   9.4,   2.8,   3.9,   8.4,   1.5,   2.0, 121.9,  39.5,  59.4,  33.0,   6.6,   9.8,  30.2,   7.3,  10.8, 226.5,  35.3,  53.0,   4.6,   1.6,   2.1
2025120607050101,1,12052316,16,       8128,      11085,  14.9,   3.9,   5.6,   6.8,   1.7,   2.4, 144.4,  27.8,  41.7,  18.9,   5.2,   7.7,  57.5,   8.8,  13.0,  11.0,   2.1,   3.0,  12.7,   5.3,   7.7,   4.9,   3.3,   4.8,  14.9,   3.8,   5.4,   9.3,   2.8,   3.9,   8.3,   1.5,   2.0, 125.0,  40.0,  60.0,  33.6,   6.7,   9.8,  30.3,   7.3,  10.7, 171.1,  27.4,  41.1,   4.5,   1.6,   2.1
2025120607050101,1,12052321,16,       8311,      11228,  15.1,   4.0,   5.7,   6.9,   1.7,   2.3, 147.7,  28.3,  42.2,  18.6,   5.2,   7.5,  57.8,   8.5,  12.6,  10.9,   2.1,   2.9,  12.7,   5.3,   7.7,   4.9,   3.4,   4.8,  15.2,   3.8,   5.4,   9.3,   2.8,   3.9,   8.0,   1.5,   2.0, 127.8,  40.8,  60.8,  34.0,   6.8,   9.9,  30.7,   7.1,  10.5, 162.1,  27.2,  40.5,   4.5,   1.6,   2.1
2025120607050101,1,12052326,16,       8533,      11445,  15.4,   4.0,   5.8,   6.8,   1.7,   2.3, 151.6,  29.0,  43.0,  18.6,   5.3,   7.6,  54.1,   8.7,  12.8,  10.6,   2.1,   2.9,  13.0,   5.4,   7.8,   5.1,   3.4,   4.8,  15.5,   3.8,   5.5,   9.4,   2.8,   4.0,   8.1,   1.5,   2.0, 131.2,  41.8,  62.0,  25.6,   5.8,   8.5,  30.6,   7.2,  10.5, 166.4,  27.5,  40.8,   4.5,   1.6,   2.1
2025120607050101,1,12052331,16,       8771,      11552,  15.7,   4.1,   5.8,   6.7,   1.7,   2.3, 155.9,  28.2,  41.7,  18.6,   5.2,   7.5,  55.6,   8.8,  12.9,  10.5,   2.1,   2.9,  13.0,   5.4,   7.9,   5.1,   3.3,   4.7,  15.5,   3.9,   5.5,   9.4,   2.8,   4.0,   8.1,   1.5,   2.0, 134.9,  41.4,  61.3,  25.9,   5.8,   8.5,  31.0,   6.5,   9.5, 171.1,  27.8,  41.1,   4.5,   1.6,   2.1
2025120607050101,1,12052336,16,       8976,      11713,  16.1,   4.1,   5.9,   6.1,   1.7,   2.3, 156.1,  28.3,  41.7,  19.0,   4.8,   6.9,  56.5,   8.9,  12.9,  10.7,   2.1,   2.9,  13.3,   5.5,   7.9,   5.2,   3.3,   4.6,  15.5,   3.9,   5.6,   9.5,   2.9,   4.0,   8.1,   1.6,   2.0, 138.0,  42.2,  62.1,  25.0,   6.0,   8.6,  30.4,   6.5,   9.4, 175.1,  27.6,  40.6,   4.6,   1.6,   2.2
2025120607050101,1,12052341,16,       9226,      11904,  16.3,   4.1,   5.8,   5.9,   1.7,   2.2, 157.0,  29.0,  42.4,  18.8,   4.7,   6.7,  49.8,   8.5,  12.2,  10.6,   2.1,   2.9,  13.7,   5.6,   8.0,   5.2,   3.4,   4.7,  15.4,   4.0,   5.6,   9.7,   2.9,   4.1,   8.1,   1.6,   2.0, 141.9,  42.4,  61.9,  24.7,   6.1,   8.7,  30.1,   6.6,   9.5, 180.0,  28.3,  41.3,   4.7,   1.6,   2.2
2025120607050101,1,12052346,16,       9296,      12029,  16.0,   4.1,   5.9,   5.9,   1.7,   2.2, 154.9,  28.9,  42.2,  18.9,   4.7,   6.7,  49.5,   8.5,  12.3,  10.6,   2.1,   2.9,  13.7,   5.7,   8.1,   5.3,   3.4,   4.8,  15.3,   3.8,   5.4,   9.5,   3.0,   4.1,   8.1,   1.6,   2.0, 140.3,  42.1,  61.4,  24.8,   6.1,   8.8,  30.3,   6.7,   9.6, 177.0,  28.6,  41.7,   4.8,   1.7,   2.2
2025120607050101,1,12052351,16,       9414,      12133,  16.1,   4.2,   5.9,   5.9,   1.6,   2.2, 156.9,  29.2,  42.6,  19.1,   4.7,   6.7,  47.3,   8.2,  11.8,   9.9,   2.2,   2.9,  13.9,   5.7,   8.2,   5.3,   3.4,   4.8,  15.4,   3.8,   5.4,   9.6,   3.0,   4.1,   8.1,   1.6,   2.0, 142.0,  42.4,  61.9,  25.1,   6.2,   8.8,  30.7,   6.6,   9.5, 179.3,  28.8,  42.1,   4.8,   1.7,   2.2
2025120607050101,1,12052356,16,       9490,      12252,  16.2,   4.2,   6.0,   5.9,   1.7,   2.2, 158.1,  29.0,  42.5,  19.0,   4.7,   6.7,  47.4,   8.2,  11.9,  10.0,   2.2,   3.0,  14.0,   5.7,   8.2,   5.3,   3.4,   4.8,  15.5,   3.9,   5.5,   9.6,   3.0,   4.1,   8.1,   1.6,   2.0, 143.2,  42.7,  62.5,  25.3,   6.0,   8.7,  29.6,   6.1,   8.8, 172.5,  29.0,  42.5,   4.8,   1.7,   2.2
2025120607050101,1,12052357,16,       9513,      12275,  16.2,   4.2,   6.0,   5.9,   1.7,   2.2, 158.5,  29.1,  42.5,  18.1,   4.7,   6.7,  47.5,   8.2,  11.9,  10.0,   2.2,   3.0,  14.0,   5.6,   8.0,   5.3,   3.4,   4.8,  15.5,   3.9,   5.4,   9.6,   3.0,   4.1,   8.1,   1.6,   2.0, 143.5,  42.9,  62.6,  25.3,   6.0,   8.7,  29.7,   6.1,   8.8, 172.9,  28.7,  42.0,   4.8,   1.7,   2.2
2025120607050101,1,12052357,16,       9527,      12275,  16.3,   4.2,   6.0,   5.9,   1.7,   2.2, 158.7,  29.1,  42.5,  17.9,   4.7,   6.7,  47.6,   8.2,  11.9,  10.1,   2.2,   3.0,  14.0,   5.6,   8.0,   5.3,   3.4,   4.8,  15.5,   3.9,   5.4,   9.6,   3.0,   4.1,   8.1,   1.6,   2.0, 143.8,  42.9,  62.6,  25.4,   6.0,   8.7,  29.7,   6.1,   8.8, 173.2,  28.7,  42.0,   4.8,   1.7,   2.2
2025120607050101,1,12052358,16,       9557,      12382,  16.3,   4.2,   6.0,   5.9,   1.7,   2.2, 159.2,  29.2,  42.9,  18.0,   4.8,   6.8,  47.7,   8.2,  11.9,  10.1,   2.2,   3.0,  14.1,   5.6,   8.1,   5.4,   3.4,   4.8,  15.6,   3.9,   5.5,   9.7,   3.0,   4.2,   7.9,   1.6,   2.0, 144.2,  43.1,  63.2,  25.2,   6.1,   8.7,  29.8,   6.1,   8.8, 166.2,  28.9,  42.4,   4.8,   1.6,   2.2
2025120607050101,1,12052359,16,       9563,      12384,  16.3,   4.2,   6.0,   5.9,   1.7,   2.2, 159.3,  29.3,  42.9,  18.0,   4.8,   6.8,  47.8,   8.2,  11.9,  10.1,   2.2,   3.0,  14.0,   5.6,   8.1,   5.4,   3.4,   4.8,  15.6,   3.9,   5.5,   9.7,   3.0,   4.2,   7.9,   1.6,   2.0, 144.3,  43.1,  63.2,  25.2,   6.1,   8.7,  29.7,   6.1,   8.8, 162.7,  28.5,  41.9,   4.8,   1.6,   2.2
2025120607050101,1,12060005,16,       9636,      12543,  16.4,   4.3,   6.0,   5.9,   1.6,   2.2, 157.3,  29.7,  43.5,  17.9,   4.8,   6.9,  47.0,   7.9,  11.4,  10.1,   2.2,   3.0,  13.9,   5.5,   7.9,   5.4,   3.5,   4.9,  15.6,   3.9,   5.5,   9.7,   3.0,   4.2,   7.8,   1.6,   2.0, 145.4,  42.9,  62.8,  24.6,   6.0,   8.6,  29.5,   6.2,   8.8, 160.6,  28.6,  41.9,   4.8,   1.6,   2.2
2025120607050101,1,12060010,16,       9715,      12657,  16.5,   4.2,   5.9,   5.9,   1.6,   2.2, 158.6,  29.6,  43.3,  18.1,   4.9,   6.9,  45.7,   7.7,  11.1,  10.2,   2.2,   3.0,  13.9,   5.6,   8.0,   5.4,   3.5,   4.9,  15.7,   4.0,   5.6,   9.6,   3.0,   4.1,   7.9,   1.6,   2.0, 143.9,  43.4,  63.4,  24.7,   6.0,   8.6,  29.4,   6.2,   8.9, 161.9,  28.9,  42.2,   4.8,   1.6,   2.2
2025120607050101,1,12060015,16,       9786,      12847,  16.3,   4.1,   5.9,   5.9,   1.7,   2.2, 156.5,  27.4,  40.4,  18.2,   4.9,   7.0,  46.0,   7.7,  11.2,  10.1,   2.2,   3.0,  14.0,   5.6,   8.1,   5.4,   3.5,   4.9,  15.9,   4.0,   5.7,   9.7,   3.0,   4.2,   7.8,   1.6,   2.0, 144.9,  42.8,  63.1,  24.9,   6.0,   8.7,  28.7,   6.2,   8.9, 163.1,  28.7,  42.3,   4.9,   1.6,   2.1
2025120607050101,1,12060020,16,       9945,      13131,  15.4,   4.2,   6.0,   6.0,   1.7,   2.2, 156.0,  27.5,  40.3,  18.4,   5.0,   7.1,  45.7,   7.3,  10.5,   9.7,   2.1,   2.9,  14.2,   5.7,   8.2,   5.4,   3.6,   5.0,  16.1,   4.1,   5.8,   9.8,   3.0,   4.3,   7.7,   1.6,   2.0, 147.3,  43.2,  63.3,  24.4,   6.0,   8.7,  29.2,   5.2,   7.4, 165.7,  29.2,  42.7,   4.9,   1.6,   2.1
2025120607050101,1,12060025,16,      10068,      13280,  15.5,   4.3,   6.1,   6.0,   1.7,   2.3, 157.9,  27.2,  39.9,  18.6,   4.9,   7.0,  45.7,   7.3,  10.5,   9.8,   2.1,   2.9,  14.1,   5.3,   7.5,   5.4,   3.6,   5.0,  16.2,   4.1,   5.8,   9.8,   3.1,   4.3,   7.4,   1.6,   2.0, 149.1,  42.2,  61.8,  24.7,   6.1,   8.7,  29.5,   5.2,   7.4, 167.8,  29.5,  43.2,   4.9,   1.6,   2.1
2025120607050101,1,12060030,16,      10218,      13401,  15.7,   4.3,   6.1,   5.9,   1.7,   2.2, 157.2,  27.3,  39.8,  18.9,   5.0,   7.0,  46.1,   7.3,  10.5,   9.8,   2.2,   3.0,  14.2,   5.1,   7.3,   5.4,   3.6,   5.0,  16.4,   4.0,   5.6,   9.9,   3.1,   4.3,   7.5,   1.6,   2.1, 151.3,  42.8,  62.4,  24.2,   6.1,   8.7,  28.1,   5.2,   7.4, 170.3,  29.9,  43.6,   5.0,   1.6,   2.2
2025120607050101,1,12060035,16,      10692,      13849,  16.3,   4.3,   6.3,   5.9,   1.7,   2.3, 161.3,  27.2,  40.7,  17.6,   5.0,   7.2,  48.0,   7.4,  10.9,  10.1,   2.2,   3.0,  14.6,   5.1,   7.5,   5.3,   3.6,   5.2,  17.0,   4.0,   5.8,   8.7,   3.1,   4.4,   7.6,   1.5,   1.9, 150.0,  43.1,  64.5,  24.0,   6.1,   8.9,  28.6,   5.2,   7.6, 171.0,  29.1,  43.5,   5.2,   1.6,   2.2
2025120607050101,1,12060040,16,      11126,      13934,  15.5,   4.3,   6.3,   6.1,   1.7,   2.3, 121.9,  27.3,  40.9,  17.5,   5.0,   7.3,  37.7,   7.1,  10.5,  10.3,   2.2,   3.0,  14.7,   5.1,   7.4,   5.5,   3.6,   5.2,  17.0,   4.0,   5.8,   8.9,   3.1,   4.4,   7.7,   1.5,   1.9, 115.5,  43.3,  64.8,  21.2,   6.1,   8.9,  26.5,   5.2,   7.6, 127.1,  29.2,  43.7,   5.3,   1.6,   2.2
2025120607050101,1,12060045,16,      11343,      14235,  15.8,   4.4,   6.4,   6.1,   1.7,   2.3, 122.6,  27.3,  40.5,  17.1,   4.3,   6.2,  36.2,   7.0,  10.2,  10.4,   2.2,   3.1,  14.9,   5.2,   7.6,   5.4,   3.6,   5.2,  16.1,   3.7,   5.2,   9.0,   3.1,   4.4,   7.6,   1.5,   1.9, 116.3,  44.6,  66.2,  21.6,   6.2,   9.0,  26.6,   5.2,   7.6, 129.6,  30.1,  44.7,   5.4,   1.7,   2.2
2025120607050101,1,12060050,16,      11570,      14473,  15.8,   4.4,   6.3,   6.1,   1.7,   2.3, 125.0,  27.7,  41.1,  17.5,   4.4,   6.3,  36.1,   6.7,   9.7,  10.4,   2.2,   3.1,  15.2,   5.3,   7.7,   5.5,   3.7,   5.2,  16.4,   3.7,   5.3,   9.0,   3.0,   4.2,   7.2,   1.5,   1.9, 118.6,  45.3,  67.4,  21.7,   6.2,   9.0,  26.1,   5.3,   7.7, 130.3,  30.5,  45.4,   5.5,   1.6,   2.2
2025120607050101,1,12060055,16,      11728,      14544,  15.8,   4.4,   6.3,   6.0,   1.7,   2.3, 126.7,  27.9,  41.3,  17.7,   4.4,   6.4,  36.3,   6.6,   9.6,  10.3,   2.2,   3.1,  15.1,   5.3,   7.7,   5.6,   3.7,   5.2,  16.3,   3.7,   5.3,   9.1,   3.0,   4.2,   7.0,   1.5,   1.9, 120.2,  45.6,  67.7,  21.7,   6.2,   9.0,  25.9,   5.3,   7.7, 132.1,  30.1,  44.6,   5.6,   1.7,   2.2
2025120607050101,1,12060100,16,      11831,      14761,  16.0,   4.5,   6.4,   6.0,   1.7,   2.3, 126.1,  27.6,  40.6,  17.7,   4.3,   6.2,  36.5,   6.7,   9.7,  10.3,   2.3,   3.1,  15.2,   5.3,   7.6,   5.6,   3.7,   5.3,  15.8,   3.7,   5.2,   9.1,   3.0,   4.2,   7.0,   1.5,   1.9, 121.3,  45.8,  67.4,  21.8,   6.2,   8.9,  26.1,   5.4,   7.7, 133.3,  23.0,  33.8,   5.6,   1.7,   2.2
2025120607050101,1,12060105,16,      11985,      14903,  16.0,   4.4,   6.3,   6.0,   1.7,   2.3, 124.5,  26.6,  39.0,  18.0,   4.4,   6.2,  36.3,   6.6,   9.6,  10.0,   2.3,   3.1,  15.4,   5.4,   7.7,   5.7,   3.7,   5.3,  16.0,   3.7,   5.2,   9.2,   3.0,   4.2,   7.0,   1.5,   2.0, 122.9,  46.4,  68.0,  22.1,   6.2,   9.0,  26.4,   5.0,   7.2, 135.0,  23.0,  33.8,   5.5,   1.7,   2.2
2025120607050101,1,12060110,16,      12153,      15386,  16.2,   4.5,   6.5,   6.0,   1.6,   2.1, 126.2,  26.8,  39.9,  15.3,   4.4,   6.4,  36.6,   6.7,   9.8,  10.1,   2.3,   3.2,  15.4,   5.4,   7.9,   5.8,   3.8,   5.4,  16.0,   3.7,   5.4,   9.3,   3.1,   4.3,   7.1,   1.5,   2.0, 124.6,  47.1,  70.2,  21.7,   6.2,   9.0,  26.1,   5.0,   7.3, 135.0,  23.2,  34.6,   5.5,   1.7,   2.3
2025120607050101,1,12060115,16,      12282,      15498,  16.3,   4.5,   6.5,   6.1,   1.6,   2.1, 125.9,  26.5,  39.4,  15.5,   4.5,   6.5,  36.9,   6.7,   9.8,   9.7,   2.3,   3.2,  15.5,   5.4,   7.9,   5.8,   3.8,   5.4,  16.1,   3.7,   5.4,   9.3,   3.0,   4.2,   7.1,   1.5,   2.0, 125.9,  47.5,  70.7,  21.9,   6.2,   9.1,  25.9,   5.0,   7.3, 136.4,  23.4,  34.8,   5.5,   1.7,   2.3
2025120607050101,1,12060120,16,      12349,      15590,  16.2,   4.5,   6.5,   6.1,   1.6,   2.1, 126.6,  26.7,  39.6,  15.5,   4.5,   6.5,  37.1,   6.8,   9.9,   9.7,   2.3,   3.2,  15.5,   5.4,   7.9,   5.8,   3.8,   5.5,  15.9,   3.6,   5.2,   9.3,   3.0,   4.2,   7.1,   1.5,   2.0, 126.6,  47.9,  71.1,  22.0,   6.3,   9.1,  25.2,   5.0,   7.2, 137.2,  23.6,  35.1,   5.5,   1.7,   2.3
2025120607050101,1,12060125,16,      12685,      16020,  16.6,   4.6,   6.6,   6.0,   1.6,   2.1, 126.8,  26.8,  39.6,  15.2,   4.2,   6.0,  37.5,   6.9,  10.0,   9.9,   2.2,   3.1,  14.7,   5.6,   8.0,   5.9,   3.8,   5.4,  15.7,   3.6,   5.1,   9.5,   3.0,   4.3,   7.1,   1.6,   2.0, 130.1,  49.5,  73.1,  19.5,   6.0,   8.6,  25.3,   5.1,   7.4, 140.9,  24.4,  36.0,   5.7,   1.7,   2.3
2025120607050101,1,12060130,16,      12872,      16151,  16.9,   4.6,   6.7,   6.0,   1.6,   2.1, 128.7,  27.0,  39.9,  15.4,   4.2,   6.1,  36.7,   6.7,   9.8,   9.8,   2.2,   3.1,  14.9,   5.5,   8.0,   5.9,   3.7,   5.3,  14.7,   3.6,   5.1,   9.5,   3.1,   4.3,   7.1,   1.6,   2.0, 132.0,  49.8,  73.7,  19.6,   6.0,   8.7,  25.5,   5.1,   7.4, 141.0,  24.5,  36.3,   5.7,   1.7,   2.4
2025120607050101,1,12060135,16,      13077,      16226,  17.0,   4.6,   6.7,   6.0,   1.6,   2.1, 129.1,  26.6,  39.4,  15.5,   4.2,   6.1,  36.9,   6.7,   9.8,   9.5,   2.2,   3.1,  14.8,   5.5,   8.0,   6.0,   3.7,   5.3,  14.8,   3.6,   5.1,   9.5,   3.0,   4.3,   6.9,   1.6,   2.0, 134.1,  50.0,  74.0,  20.0,   6.0,   8.8,  25.8,   5.1,   7.4, 143.3,  22.8,  33.7,   5.8,   1.7,   2.4
2025120607050101,1,12060140,16,      13226,      16351,  17.2,   4.7,   6.7,   6.0,   1.6,   2.1, 130.6,  26.7,  39.3,  15.7,   4.3,   6.1,  37.3,   6.8,   9.8,   9.5,   2.2,   3.1,  15.0,   5.5,   8.0,   6.0,   3.6,   5.1,  14.9,   3.6,   5.1,   9.6,   3.0,   4.3,   6.9,   1.6,   2.0, 127.4,  46.6,  68.7,  17.8,   5.8,   8.4,  26.1,   5.1,   7.4, 144.9,  23.0,  33.9,   5.9,   1.8,   2.4
2025120607050101,1,12060145,16,      13378,      16387,  17.4,   4.7,   6.7,   6.1,   1.6,   2.1, 132.1,  26.7,  39.4,  15.8,   4.3,   6.1,  37.5,   6.7,   9.7,   9.5,   2.2,   3.1,  15.1,   5.6,   8.0,   6.0,   3.6,   5.1,  15.0,   3.6,   5.1,   9.7,   3.1,   4.3,   6.7,   1.6,   2.0, 127.4,  44.0,  64.8,  18.0,   5.8,   8.4,  26.3,   5.1,   7.3, 146.6,  23.1,  34.0,   5.8,   1.8,   2.4
2025120607050101,1,12060150,16,      13671,      16557,  17.6,   4.8,   6.8,   6.2,   1.6,   2.1, 135.0,  26.4,  38.8,  16.1,   4.2,   6.0,  37.8,   6.7,   9.6,   9.7,   2.2,   3.1,  15.4,   5.5,   7.8,   6.0,   3.5,   4.9,  15.3,   3.6,   5.1,   8.3,   3.1,   4.3,   6.9,   1.6,   2.1, 128.6,  44.0,  64.5,  18.4,   5.9,   8.4,  26.8,   5.2,   7.4, 149.8,  23.4,  34.3,   5.9,   1.8,   2.4
2025120607050101,1,12060155,16,      13875,      16762,  17.8,   4.8,   6.9,   6.1,   1.6,   2.1, 137.0,  26.7,  38.9,  16.2,   4.3,   6.1,  37.6,   6.8,   9.8,   9.3,   2.1,   2.8,  15.5,   5.5,   7.9,   6.1,   3.5,   4.9,  15.4,   3.7,   5.2,   8.4,   3.1,   4.4,   6.7,   1.6,   2.1, 130.5,  44.8,  65.3,  18.6,   6.0,   8.5,  26.3,   5.2,   7.5, 152.0,  23.8,  34.8,   6.0,   1.8,   2.4
2025120607050101,1,12060200,16,      14003,      16885,  17.9,   4.8,   6.9,   6.2,   1.6,   2.1, 136.6,  26.5,  38.8,  16.4,   4.3,   6.1,  37.9,   6.7,   9.7,   9.4,   2.1,   2.8,  15.6,   5.5,   7.9,   5.9,   3.5,   5.0,  15.6,   3.7,   5.2,   8.5,   3.1,   4.4,   6.7,   1.6,   2.0, 131.7,  44.9,  65.7,  18.8,   6.0,   8.6,  26.6,   5.3,   7.5, 153.4,  23.9,  35.0,   5.9,   1.8,   2.4
2025120607050101,1,12060205,16,      14113,      16984,  17.9,   4.9,   6.9,   6.1,   1.6,   2.1, 137.6,  26.5,  38.7,  16.4,   4.3,   6.1,  38.2,   6.6,   9.5,   9.2,   2.1,   2.8,  15.7,   5.4,   7.8,   5.9,   3.5,   5.0,  15.6,   3.7,   5.2,   8.6,   3.1,   4.4,   6.8,   1.6,   2.0, 132.8,  44.0,  64.2,  19.0,   6.0,   8.6,  26.8,   5.2,   7.4, 152.5,  24.1,  35.2,   5.9,   1.8,   2.4
2025120607050101,1,12060210,16,      14417,      17350,  18.3,   5.0,   7.1,   6.2,   1.7,   2.2, 140.6,  27.3,  39.6,  16.8,   4.4,   6.2,  38.3,   6.7,   9.6,   7.8,   2.0,   2.6,  16.1,   5.6,   7.9,   6.0,   3.6,   5.1,  15.9,   3.6,   5.1,   8.7,   3.2,   4.4,   6.9,   1.6,   2.1, 134.1,  44.6,  64.7,  19.0,   6.1,   8.7,  27.2,   5.3,   7.5, 155.8,  24.8,  36.0,   6.0,   1.8,   2.4
2025120607050101,1,12060215,16,      14639,      17391,  18.4,   5.0,   7.0,   6.2,   1.7,   2.2, 142.8,  27.4,  39.7,  17.0,   4.4,   6.3,  38.3,   6.7,   9.6,   7.1,   2.0,   2.6,  16.3,   5.6,   8.0,   6.1,   3.6,   5.1,  16.1,   3.7,   5.1,   8.8,   3.2,   4.5,   6.9,   1.6,   2.1, 136.1,  44.8,  64.9,  19.3,   6.0,   8.6,  27.6,   5.3,   7.6, 148.2,  24.7,  35.8,   6.1,   1.8,   2.4
2025120607050101,1,12060220,16,      14887,      17608,  18.7,   5.0,   7.1,   6.2,   1.7,   2.2, 145.2,  27.6,  40.2,  16.9,   4.5,   6.3,  39.0,   6.8,   9.7,   7.1,   2.0,   2.7,  16.5,   5.6,   8.0,   6.2,   3.4,   4.7,  16.4,   3.7,   5.2,   8.5,   3.2,   4.5,   6.9,   1.6,   2.1, 138.4,  44.6,  64.8,  19.7,   6.1,   8.7,  27.6,   5.3,   7.6, 150.7,  24.9,  36.2,   6.2,   1.8,   2.4
2025120607050101,1,12060225,16,      14925,      17658,  18.7,   5.0,   7.1,   6.1,   1.7,   2.2, 145.6,  27.5,  39.9,  16.9,   4.5,   6.3,  39.0,   6.8,   9.7,   7.1,   2.0,   2.7,  16.5,   5.7,   8.1,   6.2,   3.4,   4.7,  16.4,   3.7,   5.1,   8.5,   3.2,   4.5,   6.9,   1.6,   2.1, 137.2,  43.6,  63.2,  19.4,   6.1,   8.7,  27.6,   5.3,   7.5, 151.1,  25.0,  36.3,   6.2,   1.8,   2.4
2025120607050101,1,12060230,16,      15025,      17846,  18.8,   5.1,   7.2,   6.2,   1.7,   2.2, 144.8,  27.4,  39.7,  17.0,   4.5,   6.4,  38.6,   6.3,   9.0,   7.1,   2.0,   2.7,  16.6,   5.7,   8.1,   6.2,   3.4,   4.8,  16.3,   3.7,   5.2,   8.6,   3.3,   4.5,   6.9,   1.6,   2.1, 138.1,  43.5,  63.0,  19.5,   6.2,   8.8,  27.1,   5.2,   7.4, 152.1,  24.9,  36.1,   6.1,   1.8,   2.4
2025120607050101,1,12060235,16,      15160,      17874,  19.0,   5.1,   7.2,   6.1,   1.7,   2.2, 144.3,  27.4,  39.7,  17.1,   4.5,   6.4,  38.8,   6.3,   9.0,   7.2,   2.0,   2.7,  16.4,   5.7,   8.1,   6.2,   3.4,   4.8,  16.4,   3.7,   5.2,   8.6,   3.3,   4.5,   7.0,   1.6,   2.1, 137.8,  43.6,  63.1,  19.6,   6.2,   8.8,  27.3,   5.2,   7.4, 151.6,  25.0,  36.2,   6.0,   1.8,   2.4
2025120607050101,1,12060240,16,      15271,      18027,  18.9,   5.1,   7.2,   6.1,   1.7,   2.2, 145.4,  22.2,  32.2,  17.1,   4.6,   6.4,  39.0,   6.4,   9.1,   7.2,   2.0,   2.7,  15.5,   5.3,   7.5,   6.3,   3.4,   4.8,  16.5,   3.7,   5.2,   8.7,   3.3,   4.6,   7.0,   1.6,   2.1, 138.8,  44.0,  63.6,  19.6,   6.2,   8.8,  27.4,   5.2,   7.4, 148.9,  24.7,  35.6,   6.1,   1.8,   2.4
2025120607050101,1,12060246,16,      15465,      18090,  19.2,   5.1,   7.2,   6.1,   1.7,   2.2, 147.2,  22.3,  32.3,  17.3,   4.6,   6.4,  39.0,   6.2,   8.8,   6.8,   2.0,   2.7,  15.7,   5.3,   7.5,   6.3,   3.4,   4.8,  16.7,   3.7,   5.2,   8.8,   3.3,   4.6,   7.1,   1.6,   2.1, 140.5,  44.2,  63.8,  19.9,   6.2,   8.8,  27.8,   5.2,   7.4, 150.8,  24.8,  35.8,   6.0,   1.8,   2.4
2025120607050101,1,12060251,16,      15530,      18131,  19.2,   5.1,   7.1,   6.1,   1.7,   2.2, 147.9,  22.4,  32.3,  17.2,   4.6,   6.4,  39.1,   6.2,   8.8,   6.8,   2.0,   2.7,  15.7,   5.4,   7.6,   6.3,   3.4,   4.8,  16.8,   3.7,   5.2,   8.8,   3.3,   4.5,   7.1,   1.6,   2.1, 141.1,  44.3,  63.9,  19.9,   6.2,   8.8,  26.8,   5.2,   7.4, 151.5,  24.8,  35.9,   6.0,   1.8,   2.4
2025120607050101,1,12060256,16,      16416,      20162,  20.3,   5.8,   7.9,   6.4,   1.9,   2.4, 156.3,  26.0,  36.0,  18.1,   5.2,   7.1,  21.2,   2.9,   3.8,   7.0,   2.3,   2.9,  16.6,   6.2,   8.4,   6.7,   3.9,   5.2,  10.5,   2.4,   3.1,   9.3,   3.7,   5.0,   7.4,   1.8,   2.3, 149.2,  51.5,  71.2,  21.1,   7.1,   9.7,  28.1,   6.0,   8.2, 160.1,  28.6,  39.6,   6.4,   2.0,   2.6
2025120607050101,1,12060301,16,      16548,      20239,  20.5,   5.8,   7.9,   6.4,   1.9,   2.4, 157.6,  25.6,  35.4,  18.1,   5.2,   7.0,  21.3,   2.9,   3.8,   6.8,   2.3,   2.9,  16.8,   6.2,   8.4,   6.7,   3.9,   5.2,  10.6,   2.4,   3.1,   9.4,   3.7,   5.0,   7.5,   1.8,   2.3, 150.4,  51.1,  70.5,  21.2,   7.1,   9.7,  28.3,   6.0,   8.2, 161.4,  28.7,  39.7,   6.4,   2.0,   2.6
2025120607050101,1,12060306,16,      16769,      20324,  20.8,   5.8,   7.9,   6.4,   1.9,   2.4, 159.7,  25.7,  35.5,  18.1,   5.2,   7.0,  21.5,   2.9,   3.9,   6.5,   2.3,   3.0,  17.0,   6.2,   8.4,   6.8,   3.9,   5.3,  10.8,   2.4,   3.1,   9.5,   3.7,   5.0,   7.5,   1.8,   2.2, 149.0,  51.2,  70.8,  20.8,   6.9,   9.5,  28.6,   6.0,   8.1, 163.6,  28.8,  39.9,   6.4,   2.0,   2.7
2025120607050101,1,12060311,16,      16887,      20364,  20.8,   5.8,   7.9,   6.4,   1.9,   2.4, 160.8,  25.4,  35.1,  17.9,   5.1,   6.9,  21.7,   2.9,   3.9,   6.6,   2.3,   3.0,  17.1,   6.2,   8.4,   6.7,   3.9,   5.2,  10.8,   2.4,   3.1,   9.4,   3.7,   5.0,   7.4,   1.8,   2.2, 150.1,  51.3,  70.9,  21.0,   7.0,   9.5,  28.6,   6.0,   8.1, 155.2,  27.7,  38.3,   6.4,   2.0,   2.7
2025120607050101,1,12060316,16,      17042,      20410,  21.0,   5.8,   7.9,   6.1,   1.9,   2.4, 162.3,  25.5,  35.2,  17.9,   5.1,   7.0,  21.9,   2.9,   3.9,   6.6,   2.3,   3.0,  17.1,   6.2,   8.4,   6.8,   3.9,   5.2,  10.9,   2.4,   3.1,   9.5,   3.7,   5.0,   7.5,   1.8,   2.2, 151.4,  51.4,  71.1,  21.0,   6.8,   9.3,  28.8,   6.0,   8.1, 156.7,  27.7,  38.4,   6.5,   2.0,   2.7
2025120607050101,1,12060321,16,      17188,      20447,  21.1,   5.8,   7.9,   6.2,   1.9,   2.4, 163.6,  25.5,  35.3,  18.0,   5.2,   7.0,  22.0,   2.9,   3.9,   6.6,   2.3,   3.0,  17.3,   6.2,   8.5,   6.8,   3.9,   5.2,  10.9,   2.4,   3.1,   9.5,   3.7,   5.0,   7.6,   1.8,   2.2, 152.7,  51.5,  71.2,  20.7,   6.9,   9.3,  28.4,   5.9,   8.1, 156.2,  27.6,  38.2,   6.3,   2.0,   2.7
2025120607050101,1,12060326,16,      17263,      20477,  21.2,   5.9,   8.0,   6.2,   1.9,   2.4, 164.4,  25.5,  35.3,  17.9,   5.2,   7.0,  22.1,   2.9,   3.9,   6.6,   2.3,   3.0,  17.3,   6.2,   8.5,   6.8,   3.9,   5.2,  11.0,   2.4,   3.2,   9.4,   3.7,   5.0,   7.6,   1.8,   2.2, 153.4,  51.6,  71.3,  20.7,   6.9,   9.4,  28.1,   6.0,   8.1, 156.9,  27.6,  38.2,   6.2,   2.0,   2.7
2025120607050101,1,12060331,16,      17353,      20528,  21.2,   5.9,   8.0,   6.2,   1.9,   2.4, 165.2,  25.6,  35.4,  18.0,   5.2,   7.0,  22.2,   2.9,   3.9,   6.6,   2.3,   3.0,  17.4,   6.2,   8.5,   6.8,   3.9,   5.2,  11.0,   2.4,   3.2,   9.4,   3.7,   4.9,   7.5,   1.8,   2.2, 154.2,  51.7,  71.5,  20.7,   6.9,   9.4,  28.2,   6.0,   8.1, 157.7,  27.7,  38.3,   6.2,   2.0,   2.7
2025120607050101,1,12060336,16,      17624,      21186,  21.6,   5.9,   8.2,   6.3,   1.9,   2.4, 165.8,  25.7,  36.6,  18.3,   5.2,   7.2,  22.5,   2.9,   4.0,   6.6,   2.3,   3.0,  17.7,   6.2,   8.7,   6.6,   3.9,   5.3,  11.2,   2.4,   3.2,   9.5,   3.6,   4.9,   7.3,   1.6,   2.0, 156.6,  51.9,  73.8,  21.0,   6.9,   9.7,  27.4,   5.9,   8.2, 158.4,  27.6,  39.3,   6.3,   2.1,   2.7
2025120607050101,1,12060341,16,      17711,      21217,  21.6,   5.9,   8.2,   6.3,   1.9,   2.4, 166.6,  25.8,  36.6,  18.4,   5.2,   7.2,  22.6,   2.9,   4.0,   6.6,   2.3,   3.0,  17.8,   6.3,   8.7,   6.7,   3.9,   5.3,  11.2,   2.4,   3.2,   9.6,   3.6,   4.9,   7.3,   1.6,   2.0, 157.4,  52.0,  73.9,  20.6,   6.9,   9.7,  27.3,   5.8,   8.1, 157.4,  27.7,  39.3,   6.2,   2.1,   2.7
2025120607050101,1,12060346,16,      17749,      21455,  21.7,   5.9,   8.3,   6.3,   1.8,   2.3, 165.1,  25.8,  37.0,  18.4,   5.2,   7.3,  22.6,   2.9,   4.0,   6.6,   2.3,   3.1,  17.8,   6.3,   8.8,   6.7,   3.9,   5.4,  11.2,   2.4,   3.3,   9.6,   3.6,   5.0,   7.3,   1.6,   2.0, 157.7,  52.1,  74.7,  20.6,   6.9,   9.8,  27.3,   5.8,   8.2, 157.7,  27.7,  39.8,   6.2,   2.1,   2.7
2025120607050101,1,12060351,16,      17814,      21503,  21.8,   5.9,   8.3,   6.3,   1.8,   2.3, 163.8,  25.8,  37.1,  18.5,   5.2,   7.3,  22.6,   2.9,   4.0,   6.6,   2.3,   3.1,  17.9,   6.3,   8.8,   6.6,   3.9,   5.4,  11.3,   2.4,   3.3,   9.6,   3.6,   5.0,   7.3,   1.6,   2.0, 156.6,  52.1,  74.9,  20.7,   6.9,   9.8,  27.3,   5.8,   8.2, 158.3,  27.7,  39.9,   6.2,   2.1,   2.7
2025120607050101,1,12060356,16,      17893,      21626,  21.9,   5.9,   8.4,   6.2,   1.8,   2.3, 164.5,  25.9,  37.3,  18.5,   5.2,   7.3,  22.7,   2.9,   4.0,   6.7,   2.3,   3.1,  18.0,   6.3,   8.9,   6.6,   3.9,   5.4,  11.2,   2.4,   3.3,   9.6,   3.6,   5.0,   7.4,   1.6,   2.0, 157.3,  52.3,  75.3,  20.8,   7.0,   9.9,  27.1,   5.8,   8.2, 159.0,  27.7,  39.8,   6.1,   2.0,   2.7
2025120607050101,1,12060401,16,      18028,      22260,  22.0,   6.1,   8.6,   6.2,   1.7,   2.2, 160.2,  26.3,  37.9,  18.7,   5.4,   7.5,  21.1,   3.0,   4.1,   6.7,   2.3,   3.2,  18.0,   6.5,   9.1,   6.6,   4.0,   5.6,  11.3,   2.4,   3.3,   9.7,   3.7,   5.1,   7.4,   1.6,   2.1, 155.0,  53.9,  77.5,  20.1,   6.4,   9.0,  27.1,   6.0,   8.4, 160.2,  28.3,  40.7,   6.2,   1.9,   2.5
2025120607050101,1,12060406,16,      18088,      22289,  22.0,   6.1,   8.6,   6.2,   1.7,   2.2, 160.7,  26.4,  38.0,  18.7,   5.4,   7.5,  21.2,   3.0,   4.1,   6.7,   2.3,   3.2,  18.1,   6.5,   9.1,   6.7,   4.0,   5.6,  11.3,   2.4,   3.3,   9.7,   3.7,   5.1,   7.4,   1.6,   2.1, 155.5,  54.0,  77.6,  20.1,   6.4,   9.0,  26.9,   5.9,   8.3, 160.7,  28.3,  40.8,   6.1,   1.9,   2.5
2025120607050101,1,12060411,16,      18137,      22330,  22.0,   6.1,   8.6,   6.2,   1.7,   2.2, 161.2,  26.2,  37.8,  18.6,   5.4,   7.6,  21.3,   3.0,   4.2,   6.7,   2.3,   3.2,  18.1,   6.4,   9.1,   6.7,   4.0,   5.6,  11.3,   2.4,   3.3,   9.8,   3.7,   5.1,   7.4,   1.6,   2.1, 152.7,  54.0,  77.8,  19.9,   6.3,   8.9,  26.9,   5.9,   8.3, 161.2,  28.4,  40.8,   6.1,   1.9,   2.5
2025120607050101,1,12060416,16,      18216,      22381,  22.1,   6.1,   8.6,   6.3,   1.7,   2.2, 158.4,  26.3,  37.9,  18.7,   5.4,   7.6,  21.0,   3.0,   4.2,   6.6,   2.3,   3.1,  18.1,   6.3,   8.9,   6.7,   4.0,   5.6,  11.4,   2.4,   3.3,   9.8,   3.7,   5.1,   7.4,   1.6,   2.1, 151.8,  54.2,  77.9,  20.0,   6.3,   8.9,  27.0,   5.9,   8.3, 160.1,  28.4,  40.9,   6.1,   1.9,   2.5
2025120607050101,1,12060421,16,      18401,      22456,  22.4,   6.1,   8.6,   6.3,   1.7,   2.2, 160.0,  26.4,  38.0,  18.8,   5.4,   7.6,  21.1,   3.0,   4.2,   6.6,   2.3,   3.1,  17.2,   6.3,   9.0,   6.8,   4.0,   5.6,  11.5,   2.4,   3.3,   9.9,   3.7,   5.2,   7.3,   1.6,   2.1, 153.3,  54.3,  78.2,  20.2,   6.3,   9.0,  27.3,   5.8,   8.2, 161.7,  27.9,  40.3,   6.1,   1.9,   2.5
2025120607050101,1,12060426,16,      18522,      22626,  22.5,   5.7,   8.0,   6.2,   1.7,   2.2, 157.6,  26.7,  38.3,  18.9,   5.4,   7.6,  21.3,   3.0,   4.2,   6.6,   2.3,   3.2,  17.2,   6.3,   8.9,   6.8,   4.1,   5.6,  11.5,   2.5,   3.3,   9.9,   3.7,   5.2,   7.3,   1.7,   2.1, 152.7,  51.5,  74.0,  19.8,   6.0,   8.4,  27.3,   5.8,   8.2, 162.8,  28.2,  40.5,   6.1,   1.9,   2.6
2025120607050101,1,12060431,16,      18581,      22692,  22.6,   5.7,   8.0,   6.2,   1.7,   2.2, 156.4,  26.7,  38.4,  18.9,   5.4,   7.6,  21.3,   3.1,   4.2,   6.6,   2.3,   3.2,  17.3,   6.3,   8.8,   6.8,   4.1,   5.7,  11.5,   2.5,   3.3,   9.8,   3.7,   5.1,   7.2,   1.7,   2.1, 153.2,  51.1,  73.3,  19.9,   6.0,   8.5,  26.8,   5.8,   8.2, 163.3,  27.9,  40.1,   6.1,   1.9,   2.6
2025120607050101,1,12060436,16,      18740,      22787,  22.6,   5.7,   8.0,   6.2,   1.7,   2.2, 157.8,  26.7,  38.3,  19.0,   5.5,   7.7,  21.5,   3.1,   4.2,   6.5,   2.3,   3.2,  17.3,   6.3,   8.9,   6.9,   4.1,   5.7,  11.6,   2.5,   3.4,   9.8,   3.6,   5.0,   7.3,   1.7,   2.1, 152.9,  51.3,  73.6,  20.1,   5.8,   8.2,  27.0,   5.9,   8.3, 159.4,  27.6,  39.5,   6.1,   1.9,   2.6
2025120607050101,1,12060441,16,      18875,      22976,  22.8,   5.7,   8.0,   6.2,   1.8,   2.3, 154.0,  26.8,  38.4,  18.7,   5.3,   7.4,  21.3,   3.0,   4.1,   6.5,   2.3,   3.1,  17.4,   6.4,   8.9,   6.9,   4.1,   5.7,  11.7,   2.5,   3.4,   9.8,   3.6,   5.0,   7.3,   1.7,   2.1, 149.5,  51.8,  74.2,  20.2,   5.9,   8.2,  26.2,   5.9,   8.2, 157.2,  27.8,  39.8,   6.1,   1.9,   2.6
2025120607050101,1,12060446,16,      19110,      23033,  23.0,   5.7,   8.0,   6.3,   1.7,   2.2, 154.4,  26.8,  38.5,  18.5,   5.3,   7.4,  21.5,   3.0,   4.1,   6.5,   2.3,   3.1,  17.7,   6.4,   8.9,   7.0,   4.1,   5.7,  11.8,   2.5,   3.4,   9.9,   3.6,   5.0,   7.4,   1.7,   2.1, 151.3,  51.9,  74.4,  20.4,   5.9,   8.2,  25.0,   5.8,   8.2, 157.6,  27.5,  39.4,   5.9,   1.9,   2.6
2025120607050101,1,12060451,16,      19200,      23098,  23.0,   5.7,   8.0,   6.3,   1.8,   2.2, 155.1,  26.8,  38.3,  18.5,   5.3,   7.4,  21.5,   3.0,   4.2,   6.4,   2.3,   3.1,  17.7,   6.4,   9.0,   7.0,   4.1,   5.7,  11.8,   2.5,   3.4,   9.9,   3.7,   5.1,   7.4,   1.7,   2.1, 152.0,  51.4,  73.7,  20.5,   5.9,   8.3,  25.1,   5.7,   8.0, 158.3,  27.6,  39.6,   5.9,   1.9,   2.6
2025120607050101,1,12060456,16,      19296,      23330,  23.1,   5.7,   8.1,   6.3,   1.7,   2.2, 154.3,  26.7,  38.5,  18.4,   5.3,   7.5,  21.6,   3.0,   4.2,   6.4,   2.3,   3.1,  17.8,   6.4,   9.1,   7.0,   4.1,   5.7,  11.9,   2.5,   3.4,   9.9,   3.7,   5.1,   7.4,   1.7,   2.1, 152.8,  51.1,  73.5,  20.5,   5.9,   8.3,  25.1,   5.6,   7.9, 159.1,  27.7,  39.9,   5.9,   2.0,   2.6
2025120607050101,1,12060501,16,      19406,      23508,  23.2,   5.8,   8.1,   6.1,   1.7,   2.2, 155.2,  26.9,  38.8,  18.4,   5.3,   7.6,  21.7,   3.1,   4.2,   6.4,   2.3,   3.1,  17.9,   6.4,   9.1,   7.0,   4.1,   5.7,  11.9,   2.5,   3.4,  10.0,   3.7,   5.1,   7.4,   1.7,   2.1, 153.7,  50.7,  73.2,  20.5,   5.8,   8.2,  25.2,   5.6,   7.9, 160.0,  27.9,  40.2,   5.9,   1.9,   2.6
2025120607050101,1,12060506,16,      19516,      23768,  23.3,   5.8,   8.2,   6.1,   1.7,   2.1, 156.1,  27.0,  39.2,  18.5,   5.4,   7.6,  21.8,   3.1,   4.3,   6.4,   2.3,   3.1,  18.0,   6.5,   9.2,   7.0,   4.0,   5.6,  11.9,   2.5,   3.5,  10.0,   3.7,   5.2,   7.3,   1.7,   2.1, 153.0,  50.5,  73.2,  20.6,   5.8,   8.3,  25.2,   5.6,   7.9, 160.9,  28.1,  40.7,   5.9,   1.9,   2.6
2025120607050101,1,12060511,16,      19649,      23875,  23.5,   5.8,   8.2,   5.9,   1.7,   2.1, 155.6,  26.9,  38.9,  18.6,   5.4,   7.7,  21.9,   3.1,   4.2,   6.5,   2.3,   3.1,  18.1,   6.5,   9.2,   7.0,   4.0,   5.6,  12.0,   2.5,   3.5,  10.1,   3.7,   5.2,   7.3,   1.7,   2.1, 154.1,  50.8,  73.5,  20.7,   5.9,   8.3,  25.3,   5.6,   7.9, 162.0,  28.2,  40.9,   5.9,   1.9,   2.6
2025120607050101,1,12060516,16,      19818,      24041,  23.7,   5.8,   8.3,   6.0,   1.7,   2.1, 156.9,  26.7,  38.7,  18.7,   5.4,   7.7,  22.1,   3.1,   4.3,   6.5,   2.3,   3.1,  18.2,   6.5,   9.3,   7.1,   4.0,   5.6,  12.1,   2.5,   3.5,  10.2,   3.7,   5.2,   7.4,   1.7,   2.1, 150.9,  47.2,  68.5,  18.3,   5.9,   8.4,  25.4,   5.6,   8.0, 163.4,  28.3,  41.1,   5.9,   1.9,   2.6
2025120607050101,1,12060521,16,      20181,      24260,  23.4,   5.8,   8.3,   6.0,   1.6,   2.1, 150.8,  26.7,  38.8,  18.6,   5.5,   7.8,  21.9,   3.1,   4.3,   6.5,   2.2,   3.0,  18.2,   6.6,   9.4,   7.1,   4.0,   5.6,  12.3,   2.5,   3.5,  10.2,   3.8,   5.3,   7.3,   1.7,   2.2, 153.7,  47.0,  68.4,  18.3,   5.9,   8.4,  25.7,   5.6,   8.0, 166.4,  28.5,  41.5,   5.9,   1.9,   2.6
2025120607050101,1,12060526,16,      20451,      24333,  23.7,   5.9,   8.3,   5.7,   1.6,   2.1, 152.9,  23.9,  34.8,  18.6,   5.5,   7.8,  22.1,   3.1,   4.3,   6.5,   2.2,   3.0,  18.4,   6.6,   9.4,   7.2,   4.0,   5.7,  12.3,   2.5,   3.5,  10.2,   3.8,   5.3,   7.4,   1.7,   2.2, 155.8,  47.2,  68.5,  18.1,   5.9,   8.3,  26.0,   5.6,   8.0, 168.6,  28.6,  41.6,   6.0,   1.9,   2.6
2025120607050101,1,12060531,16,      20589,      24378,  23.9,   5.9,   8.3,   5.7,   1.6,   2.1, 153.9,  24.0,  34.9,  18.8,   5.5,   7.8,  22.3,   3.1,   4.3,   6.5,   2.2,   3.0,  18.5,   6.6,   9.4,   7.2,   4.0,   5.7,  12.4,   2.6,   3.5,  10.3,   3.8,   5.3,   7.3,   1.7,   2.2, 156.8,  47.3,  68.7,  18.2,   5.9,   8.4,  26.1,   5.7,   8.0, 169.8,  28.7,  41.7,   6.0,   1.9,   2.6
2025120607050101,1,12060536,16,      20704,      24501,  24.0,   5.9,   8.4,   5.7,   1.6,   2.1, 154.7,  24.1,  35.1,  18.7,   5.5,   7.8,  22.4,   3.1,   4.3,   6.5,   2.2,   3.0,  18.6,   6.6,   9.5,   7.2,   4.0,   5.7,  12.4,   2.6,   3.5,  10.3,   3.8,   5.3,   7.3,   1.7,   2.2, 157.7,  44.6,  64.9,  18.1,   5.9,   8.4,  25.8,   5.7,   8.1, 169.0,  28.6,  41.6,   6.0,   1.9,   2.6
2025120607050101,1,12060541,16,      21109,      24699,  24.4,   5.9,   8.4,   5.2,   1.6,   2.1, 156.3,  24.1,  35.2,  18.8,   5.0,   7.1,  22.8,   3.1,   4.4,   6.6,   2.2,   3.0,  18.9,   6.7,   9.5,   7.4,   4.0,   5.6,  12.5,   2.6,   3.5,  10.5,   3.8,   5.3,   7.4,   1.7,   2.2, 159.3,  45.0,  65.4,  18.4,   5.9,   8.4,  26.1,   5.7,   8.1, 170.5,  28.8,  41.9,   6.1,   1.9,   2.6
2025120607050101,1,12060546,16,      21187,      25027,  24.4,   6.0,   8.5,   5.2,   1.6,   2.1, 156.9,  24.3,  35.4,  18.7,   5.0,   7.1,  22.9,   3.2,   4.4,   6.6,   2.2,   3.1,  18.8,   6.7,   9.6,   7.4,   4.0,   5.7,  12.3,   2.6,   3.6,  10.5,   3.8,   5.4,   7.4,   1.7,   2.2, 159.9,  45.1,  65.6,  18.4,   6.0,   8.5,  26.1,   5.8,   8.2, 171.2,  25.0,  36.3,   6.1,   1.9,   2.5
2025120607050101,1,12060551,16,      21350,      25276,  24.5,   6.0,   8.6,   5.2,   1.6,   2.1, 158.1,  24.5,  35.6,  18.7,   5.1,   7.2,  22.8,   3.2,   4.4,   6.6,   2.3,   3.1,  18.6,   6.6,   9.5,   7.4,   4.1,   5.7,  12.2,   2.6,   3.6,  10.2,   3.7,   5.2,   7.5,   1.7,   2.2, 161.1,  45.7,  66.2,  18.4,   6.0,   8.6,  26.1,   5.8,   8.2, 172.5,  25.3,  36.7,   6.1,   1.9,   2.5
2025120607050101,1,12060556,16,      21629,      25383,  24.8,   6.1,   8.6,   5.3,   1.6,   2.1, 160.2,  24.4,  35.3,  18.8,   5.1,   7.2,  22.9,   3.2,   4.4,   6.5,   2.3,   3.1,  18.8,   6.6,   9.4,   7.5,   4.1,   5.7,  12.4,   2.6,   3.6,  10.1,   3.7,   5.2,   7.4,   1.7,   2.2, 163.2,  46.0,  66.5,  18.7,   6.1,   8.6,  26.4,   5.8,   8.2, 174.7,  25.4,  36.8,   6.1,   1.8,   2.5
2025120607050101,1,12060601,16,      21723,      25487,  24.8,   6.1,   8.6,   5.3,   1.6,   2.1, 160.9,  24.4,  35.3,  18.8,   5.1,   7.1,  23.0,   3.2,   4.4,   6.5,   2.3,   3.1,  18.8,   6.6,   9.5,   7.5,   4.1,   5.7,  12.3,   2.6,   3.6,  10.1,   3.7,   5.2,   7.3,   1.7,   2.2, 163.9,  46.2,  66.8,  18.7,   6.1,   8.6,  26.5,   5.8,   8.3, 175.5,  25.6,  37.0,   6.1,   1.8,   2.5
2025120607050101,1,12060606,16,      21869,      25671,  24.4,   6.1,   8.7,   5.2,   1.6,   2.1, 161.9,  24.5,  35.4,  18.9,   5.1,   7.1,  23.2,   3.2,   4.5,   6.5,   2.3,   3.1,  18.7,   6.7,   9.5,   7.6,   4.1,   5.7,  12.4,   2.6,   3.6,  10.2,   3.8,   5.2,   7.4,   1.7,   2.2, 165.0,  46.1,  66.6,  18.7,   6.1,   8.6,  26.7,   5.9,   8.3, 174.9,  25.8,  37.3,   6.0,   1.8,   2.4
2025120607050101,1,12060611,16,      22473,      26022,  25.1,   6.1,   8.7,   5.4,   1.6,   2.0, 166.4,  23.2,  33.6,  16.6,   5.0,   7.1,  23.7,   3.2,   4.5,   6.0,   2.3,   3.1,  19.2,   6.7,   9.5,   7.8,   4.1,   5.7,  12.5,   2.6,   3.6,  10.5,   3.8,   5.3,   7.6,   1.7,   2.2, 169.6,  45.2,  65.5,  19.3,   6.1,   8.6,  27.4,   5.8,   8.3, 179.7,  24.3,  35.3,   6.0,   1.8,   2.4
2025120607050101,1,12060616,16,      22854,      26574,  25.4,   6.3,   8.9,   5.4,   1.6,   2.1, 166.2,  23.3,  33.7,  16.8,   5.1,   7.2,  23.2,   3.2,   4.4,   6.1,   2.3,   3.1,  18.6,   6.1,   8.7,   7.8,   4.1,   5.7,  12.5,   2.6,   3.6,  10.6,   3.8,   5.4,   7.5,   1.7,   2.2, 170.8,  45.1,  65.1,  18.6,   5.6,   7.9,  27.3,   5.7,   8.1, 181.0,  24.7,  35.7,   6.0,   1.8,   2.5
2025120607050101,1,12060621,16,      23210,      27176,  25.8,   6.4,   9.1,   5.5,   1.6,   2.1, 167.2,  24.0,  34.3,  17.1,   5.3,   7.4,  23.5,   3.3,   4.5,   6.1,   2.4,   3.2,  18.9,   6.3,   8.9,   7.9,   3.9,   5.4,  12.5,   2.6,   3.6,  10.7,   3.9,   5.5,   7.5,   1.7,   2.3, 173.5,  46.6,  66.6,  17.1,   4.7,   6.6,  27.5,   5.9,   8.2, 183.8,  25.5,  36.5,   5.7,   1.8,   2.4
2025120607050101,1,12060626,16,      23477,      27275,  26.1,   6.5,   9.1,   5.5,   1.6,   2.1, 167.6,  23.9,  34.2,  17.3,   5.3,   7.4,  23.8,   3.3,   4.5,   6.0,   2.4,   3.2,  19.0,   6.3,   8.9,   7.9,   3.9,   5.4,  12.5,   2.7,   3.6,  10.8,   3.9,   5.4,   7.4,   1.7,   2.3, 167.6,  46.7,  66.8,  17.3,   4.7,   6.6,  27.8,   5.9,   8.2, 184.1,  25.5,  36.4,   5.7,   1.8,   2.4
2025120607050101,1,12060631,16,      23779,      27523,  26.3,   6.5,   9.2,   5.5,   1.6,   2.1, 149.7,  24.0,  34.4,  17.4,   5.3,   7.4,  23.9,   3.3,   4.5,   6.0,   2.4,   3.2,  18.9,   6.2,   8.7,   8.0,   3.9,   5.4,  12.6,   2.7,   3.6,  10.9,   3.9,   5.5,   7.5,   1.7,   2.3, 162.5,  47.2,  67.4,  17.4,   4.8,   6.6,  26.0,   5.7,   8.0, 176.1,  25.7,  36.8,   5.7,   1.8,   2.4
2025120607050101,1,12060636,16,      24194,      27683,  26.2,   6.5,   9.2,   5.2,   1.6,   2.1, 152.4,  24.2,  34.6,  17.5,   5.2,   7.3,  24.4,   3.3,   4.6,   6.1,   2.4,   3.2,  18.7,   6.2,   8.7,   8.1,   3.9,   5.4,  12.7,   2.7,   3.6,  11.0,   3.9,   5.4,   7.6,   1.8,   2.3, 165.4,  47.5,  67.8,  17.7,   4.7,   6.6,  25.9,   5.6,   7.8, 179.2,  25.9,  37.0,   5.7,   1.8,   2.4
2025120607050101,1,12060641,16,      24752,      27947,  26.7,   6.5,   9.2,   5.3,   1.6,   2.1, 153.5,  23.7,  34.0,  17.7,   5.2,   7.3,  24.9,   3.3,   4.6,   6.2,   2.4,   3.2,  19.1,   6.2,   8.8,   8.2,   3.9,   5.4,  12.9,   2.7,   3.6,  10.9,   3.9,   5.5,   7.6,   1.7,   2.3, 169.2,  46.1,  66.0,  18.0,   4.8,   6.7,  20.8,   5.3,   7.5, 181.6,  25.8,  36.9,   5.7,   1.8,   2.4
2025120607050101,1,12060646,16,      25018,      28570,  26.8,   6.7,   9.4,   5.3,   1.7,   2.1, 149.3,  23.9,  34.0,  17.8,   5.4,   7.5,  24.9,   3.4,   4.6,   6.2,   2.1,   2.9,  19.2,   6.4,   8.9,   8.2,   4.0,   5.5,  12.9,   2.7,   3.7,  10.8,   4.0,   5.4,   7.5,   1.8,   2.3, 161.4,  45.2,  64.1,  18.2,   4.9,   6.8,  20.7,   5.4,   7.6, 183.6,  26.6,  37.7,   5.7,   1.9,   2.5
2025120607050101,1,12060651,16,      25201,      28863,  26.8,   6.8,   9.5,   5.3,   1.7,   2.1, 147.1,  24.1,  34.2,  18.0,   5.4,   7.5,  25.1,   3.4,   4.6,   6.1,   2.1,   2.8,  19.3,   6.4,   9.0,   8.3,   4.0,   5.6,  12.9,   2.7,   3.7,  10.8,   3.9,   5.4,   7.5,   1.8,   2.3, 160.0,  45.7,  64.7,  18.3,   4.9,   6.8,  20.7,   5.4,   7.5, 180.0,  26.6,  37.8,   5.7,   1.9,   2.5
2025120607050101,1,12060656,16,      25517,      29301,  27.1,   6.8,   9.5,   5.3,   1.7,   2.1, 137.9,  23.2,  33.0,  18.1,   5.5,   7.6,  25.3,   3.4,   4.7,   6.0,   2.1,   2.8,  19.4,   6.5,   9.1,   8.3,   4.0,   5.5,  13.1,   2.7,   3.7,  10.8,   3.9,   5.4,   7.5,   1.8,   2.3, 162.0,  45.9,  65.2,  18.5,   5.0,   6.9,  20.7,   5.5,   7.6, 180.6,  26.8,  38.1,   5.7,   1.9,   2.5
2025120607050101,1,12060701,16,      25886,      29913,  27.4,   6.9,   9.7,   5.3,   1.7,   2.1, 138.0,  23.4,  33.1,  18.2,   5.5,   7.7,  25.6,   3.5,   4.7,   5.9,   2.0,   2.7,  19.5,   6.6,   9.1,   8.3,   4.0,   5.6,  13.2,   2.8,   3.7,  10.8,   4.0,   5.5,   7.4,   1.8,   2.3, 164.3,  46.7,  65.9,  18.6,   4.9,   6.8,  20.9,   5.5,   7.7, 175.4,  26.0,  36.8,   5.8,   1.9,   2.5
2025120607050101,1,12060706,16,      26197,      30230,  27.1,   7.0,   9.7,   5.2,   1.7,   2.1, 136.9,  23.3,  32.9,  18.0,   5.5,   7.7,  25.5,   3.5,   4.8,   5.9,   2.0,   2.7,  19.7,   6.6,   9.2,   8.4,   4.0,   5.5,  13.3,   2.8,   3.7,  10.9,   4.0,   5.5,   7.5,   1.8,   2.3, 163.7,  46.9,  66.1,  18.6,   5.0,   6.8,  20.7,   5.4,   7.5, 174.6,  26.1,  36.8,   5.8,   1.9,   2.5
2025120607050101,1,12060711,16,      26674,      30865,  27.0,   7.0,   9.7,   5.2,   1.7,   2.1, 138.5,  23.2,  32.6,  18.1,   5.4,   7.4,  25.8,   3.5,   4.8,   6.0,   2.0,   2.6,  19.8,   6.3,   8.7,   8.4,   4.0,   5.4,  13.5,   2.8,   3.8,  10.8,   4.0,   5.5,   7.2,   1.8,   2.4, 164.1,  47.2,  66.3,  18.7,   5.0,   6.9,  20.6,   5.4,   7.5, 177.8,  25.2,  35.5,   5.8,   1.9,   2.5
2025120607050101,1,12060716,16,      27703,      32207,  27.4,   7.0,   9.9,   5.4,   1.6,   1.9, 138.5,  23.2,  33.4,  18.5,   5.3,   7.5,  26.4,   3.6,   5.0,   5.8,   2.0,   2.7,  20.0,   6.3,   8.9,   8.0,   3.9,   5.4,  13.6,   2.8,   3.8,  10.8,   4.1,   5.7,   7.1,   1.8,   2.4, 152.8,  46.3,  66.6,  19.2,   5.0,   7.1,  21.1,   5.4,   7.7, 178.7,  25.2,  36.3,   5.9,   1.9,   2.5
2025120607050101,1,12060721,16,      28463,      33185,  27.7,   7.1,  10.1,   5.3,   1.6,   1.9, 137.1,  22.8,  32.6,  18.2,   5.4,   7.6,  26.5,   3.6,   5.0,   5.8,   2.0,   2.6,  20.0,   6.3,   8.8,   8.0,   3.9,   5.4,  13.2,   2.7,   3.7,  10.9,   4.2,   5.8,   7.1,   1.9,   2.5, 154.9,  43.8,  62.7,  19.4,   5.1,   7.2,  21.2,   5.4,   7.6, 177.8,  25.2,  36.2,   6.0,   1.9,   2.6
2025120607050101,1,12060726,16,      29548,      34205,  28.5,   7.0,   9.9,   5.4,   1.6,   1.9, 109.9,  19.4,  27.7,  18.4,   5.5,   7.7,  27.0,   3.7,   5.1,   5.6,   1.9,   2.5,  20.3,   6.3,   8.8,   7.8,   3.8,   5.3,  13.5,   2.7,   3.7,  11.2,   4.3,   5.9,   7.3,   1.9,   2.5, 150.5,  41.5,  59.1,  18.3,   5.2,   7.2,  21.5,   5.6,   7.8, 177.7,  25.7,  36.6,   5.9,   2.0,   2.6
2025120607050101,1,12060731,16,      30317,      35085,  28.7,   6.9,   9.7,   5.3,   1.6,   2.0, 110.2,  19.4,  27.5,  18.7,   5.6,   7.7,  27.1,   3.8,   5.2,   5.6,   1.9,   2.5,  20.5,   6.1,   8.5,   7.9,   3.9,   5.3,  13.6,   2.7,   3.6,  11.4,   4.3,   5.9,   7.2,   1.9,   2.5, 150.6,  42.0,  59.4,  18.7,   5.3,   7.4,  21.8,   5.6,   7.8, 154.4,  26.0,  36.8,   6.0,   1.9,   2.6
2025120607050101,1,12060736,16,      31023,      35581,  28.9,   6.9,   9.7,   5.4,   1.6,   2.0, 109.8,  19.2,  27.3,  18.4,   5.4,   7.4,  27.3,   3.8,   5.3,   5.6,   1.9,   2.5,  20.5,   6.1,   8.5,   8.0,   3.9,   5.3,  13.7,   2.7,   3.6,  11.5,   4.2,   5.8,   6.9,   1.9,   2.6, 151.3,  42.0,  59.5,  18.9,   5.3,   7.4,  22.0,   5.6,   7.8, 150.4,  25.1,  35.6,   5.9,   1.9,   2.6
2025120607050101,1,12060741,16,      31950,      36820,  28.8,   7.2,  10.0,   5.3,   1.6,   2.0, 110.6,  19.6,  27.6,  18.6,   5.4,   7.5,  27.8,   3.9,   5.4,   5.6,   1.9,   2.5,  20.7,   5.9,   8.1,   8.1,   3.8,   5.3,  13.9,   2.7,   3.7,  11.7,   4.1,   5.7,   6.9,   2.0,   2.6, 138.1,  35.9,  50.7,  18.5,   5.1,   7.1,  22.1,   5.6,   7.7, 146.8,  25.1,  35.4,   5.8,   1.9,   2.5
2025120607050101,1,12060746,16,      32832,      38061,  29.4,   7.3,  10.2,   5.2,   1.6,   1.9, 105.9,  19.6,  27.9,  18.7,   5.4,   7.5,  27.9,   4.0,   5.5,   5.7,   2.0,   2.6,  21.0,   5.4,   7.5,   8.2,   3.9,   5.4,  14.1,   2.7,   3.6,  11.6,   4.1,   5.6,   6.9,   2.0,   2.6, 140.4,  36.6,  51.9,  18.8,   5.0,   7.0,  22.3,   5.5,   7.6, 149.2,  25.4,  36.1,   5.8,   1.9,   2.5
2025120607050101,1,12060751,16,      33895,      38944,  28.6,   7.3,  10.2,   5.2,   1.6,   1.9, 104.2,  19.7,  28.0,  18.4,   5.3,   7.4,  28.5,   4.0,   5.5,   5.8,   2.0,   2.6,  21.0,   5.4,   7.5,   8.4,   4.0,   5.5,  14.0,   2.7,   3.6,  11.7,   3.7,   5.1,   6.9,   2.0,   2.6, 145.0,  33.4,  47.3,  19.2,   5.1,   7.0,  22.5,   5.5,   7.7, 145.7,  26.0,  36.8,   5.5,   1.9,   2.6
2025120607050101,1,12060756,16,      35968,      40704,  30.0,   7.4,  10.6,   5.4,   1.6,   2.0, 108.1,  19.2,  27.6,  19.1,   5.4,   7.6,  29.3,   4.1,   5.7,   5.3,   1.8,   2.4,  21.4,   5.4,   7.7,   8.3,   4.0,   5.5,  14.7,   2.7,   3.7,  11.6,   3.7,   5.2,   6.8,   2.0,   2.7, 149.0,  33.0,  47.5,  20.0,   5.1,   7.2,  23.5,   5.5,   7.8, 151.4,  25.8,  37.1,   5.6,   1.9,   2.6
2025120607050101,1,12060801,16,      37241,      42197,  30.8,   7.5,  10.6,   5.3,   1.6,   2.0, 111.5,  19.9,  28.5,  18.4,   5.2,   7.3,  30.2,   4.2,   5.8,   5.3,   1.8,   2.4,  22.0,   5.5,   7.7,   8.5,   4.0,   5.6,  14.8,   2.8,   3.8,  11.9,   3.8,   5.2,   6.8,   2.1,   2.8, 153.5,  34.1,  48.8,  20.3,   5.1,   7.2,  23.8,   5.2,   7.3, 152.0,  26.1,  37.4,   5.4,   1.9,   2.5
2025120607050101,1,12060806,16,      38331,      43361,  30.6,   7.5,  10.6,   5.3,   1.6,   2.0, 113.1,  20.3,  29.0,  16.7,   5.2,   7.3,  30.7,   4.3,   6.0,   5.4,   1.8,   2.4,  22.0,   5.5,   7.7,   8.5,   4.0,   5.6,  14.9,   2.8,   3.8,  12.1,   3.8,   5.2,   6.9,   2.0,   2.6, 157.2,  34.4,  49.1,  20.8,   5.1,   7.1,  24.1,   5.2,   7.3, 155.6,  26.5,  37.7,   5.3,   1.9,   2.5
2025120607050101,1,12060811,16,      39680,      44931,  30.5,   7.6,  10.6,   5.2,   1.6,   2.0, 115.0,  20.3,  28.8,  17.2,   5.2,   7.2,  31.1,   4.4,   6.1,   5.4,   1.8,   2.4,  22.2,   5.5,   7.7,   8.6,   4.0,   5.5,  15.2,   2.8,   3.8,  11.6,   3.8,   5.2,   6.9,   2.0,   2.6, 156.3,  34.5,  48.8,  21.0,   5.2,   7.2,  24.6,   5.3,   7.4, 160.3,  27.4,  38.8,   5.3,   1.9,   2.5
2025120607050101,1,12060816,16,      40939,      46262,  30.7,   7.7,  10.8,   5.1,   1.6,   2.0, 112.9,  19.7,  28.0,  17.5,   5.1,   7.2,  31.8,   4.5,   6.2,   5.3,   1.8,   2.4,  22.7,   5.5,   7.6,   8.5,   3.9,   5.4,  15.0,   2.8,   3.8,  11.6,   3.8,   5.2,   7.1,   2.0,   2.6, 158.9,  34.8,  49.4,  21.4,   5.2,   7.2,  24.9,   5.4,   7.5, 162.1,  27.5,  39.1,   5.3,   1.9,   2.5
2025120607050101,1,12060821,16,      42287,      47729,  31.5,   7.5,  10.5,   5.1,   1.6,   2.0, 113.9,  19.8,  28.1,  17.6,   5.1,   7.2,  32.5,   4.6,   6.3,   5.2,   1.8,   2.3,  20.1,   4.8,   6.6,   8.7,   4.0,   5.5,  15.1,   2.8,   3.8,  11.8,   3.8,   5.2,   7.3,   2.0,   2.7, 161.0,  35.1,  50.0,  21.8,   5.3,   7.4,  25.3,   5.5,   7.7, 165.0,  28.1,  40.0,   5.2,   1.9,   2.5
2025120607050101,1,12060826,16,      43467,      49202,  32.2,   7.6,  10.8,   5.1,   1.6,   2.0, 115.1,  19.8,  28.2,  17.7,   5.2,   7.3,  32.8,   4.6,   6.5,   5.2,   1.8,   2.4,  20.4,   4.9,   6.8,   8.6,   3.9,   5.4,  15.2,   2.7,   3.6,  11.9,   3.8,   5.3,   7.1,   2.0,   2.7, 160.2,  35.6,  50.7,  22.0,   5.4,   7.5,  25.6,   5.5,   7.6, 167.1,  27.8,  39.5,   5.2,   1.9,   2.5
2025120607050101,1,12060831,16,      44746,      50557,  32.4,   7.5,  10.6,   5.2,   1.6,   2.0, 118.1,  20.1,  28.6,  18.1,   5.2,   7.3,  33.0,   4.6,   6.5,   5.2,   1.8,   2.4,  20.6,   4.9,   6.8,   8.7,   4.0,   5.5,  15.0,   2.7,   3.6,  11.6,   3.8,   5.3,   7.2,   2.0,   2.7, 163.4,  34.7,  49.3,  21.7,   5.5,   7.6,  25.6,   5.5,   7.6, 168.0,  28.2,  40.1,   5.1,   1.9,   2.4
2025120607050101,1,12060836,16,      46438,      52662,  33.1,   7.7,  10.8,   5.2,   1.6,   2.1, 117.5,  19.8,  27.9,  18.6,   5.3,   7.4,  33.8,   4.8,   6.6,   4.9,   1.8,   2.4,  20.7,   5.0,   6.9,   8.8,   3.9,   5.3,  15.0,   2.7,   3.6,  11.6,   3.5,   4.8,   7.2,   2.1,   2.7, 160.1,  35.9,  50.5,  22.2,   5.3,   7.3,  25.7,   5.5,   7.6, 172.7,  29.2,  41.2,   5.2,   1.9,   2.5
2025120607050101,1,12060841,16,      48507,      54076,  32.9,   7.5,  10.5,   5.2,   1.6,   2.0, 120.1,  18.6,  26.3,  19.1,   5.4,   7.4,  32.8,   4.8,   6.6,   5.0,   1.9,   2.4,  21.0,   5.1,   7.0,   8.8,   3.8,   5.3,  15.6,   2.7,   3.6,  11.9,   3.5,   4.8,   7.2,   2.1,   2.8, 166.5,  36.1,  50.9,  20.6,   5.2,   7.2,  26.0,   5.5,   7.6, 179.6,  28.9,  40.7,   5.0,   1.9,   2.5
2025120607050101,1,12060846,16,      49891,      56192,  32.2,   7.6,  10.6,   5.1,   1.7,   2.1, 121.3,  18.5,  25.9,  19.2,   5.5,   7.6,  31.5,   4.8,   6.5,   5.0,   1.9,   2.4,  21.2,   5.0,   6.9,   8.8,   3.8,   5.1,  15.4,   2.7,   3.7,  11.8,   3.5,   4.8,   7.3,   2.1,   2.8, 169.1,  36.9,  51.8,  20.9,   5.3,   7.3,  25.8,   5.2,   7.2, 179.7,  28.9,  40.6,   5.1,   1.9,   2.4
2025120607050101,1,12060851,16,      51735,      58681,  33.1,   7.8,  10.8,   5.1,   1.7,   2.1, 124.6,  18.9,  26.6,  19.2,   5.6,   7.7,  31.6,   4.8,   6.6,   5.1,   1.9,   2.5,  21.4,   5.0,   6.9,   8.8,   3.6,   4.9,  15.4,   2.6,   3.5,  11.8,   3.5,   4.7,   7.2,   2.1,   2.8, 171.0,  37.2,  52.3,  21.2,   5.4,   7.5,  24.0,   5.2,   7.2, 184.7,  29.4,  41.4,   5.1,   1.8,   2.4
2025120607050101,1,12060856,16,      54787,      62390,  32.2,   8.0,  11.2,   5.2,   1.7,   2.1, 127.7,  18.9,  26.8,  19.8,   5.6,   7.8,  31.8,   5.0,   6.9,   5.1,   1.9,   2.4,  21.4,   5.0,   6.9,   8.2,   3.6,   5.0,  15.5,   2.7,   3.6,  11.9,   3.3,   4.5,   7.3,   2.2,   2.9, 176.7,  37.9,  53.6,  21.5,   5.7,   7.9,  24.2,   5.2,   7.2, 189.7,  29.6,  41.9,   5.1,   1.8,   2.3
2025120607050101,1,12060901,16,      57397,      66122,  33.2,   7.9,  11.3,   5.3,   1.6,   2.1, 131.5,  19.0,  27.5,  20.2,   5.7,   8.1,  32.6,   4.9,   6.9,   5.1,   1.9,   2.5,  21.7,   4.9,   7.0,   8.4,   3.6,   5.1,  15.6,   2.7,   3.7,  12.0,   3.3,   4.6,   7.2,   2.1,   2.9, 182.9,  37.5,  54.2,  21.9,   5.6,   7.9,  24.3,   5.2,   7.4, 192.9,  28.3,  40.9,   4.9,   1.7,   2.1
2025120607050101,1,12060906,16,      61048,      71340,  33.8,   7.9,  11.4,   5.1,   1.6,   2.1, 136.4,  19.5,  28.3,  21.0,   5.9,   8.4,  33.5,   5.0,   7.1,   4.9,   1.7,   2.3,  22.2,   5.1,   7.2,   8.2,   3.7,   5.2,  15.8,   2.8,   3.9,  12.4,   3.4,   4.8,   7.3,   2.2,   3.0, 189.2,  36.9,  53.5,  22.4,   5.7,   8.0,  24.6,   5.1,   7.2, 185.6,  28.8,  41.8,   5.0,   1.7,   2.2
2025120607050101,1,12060911,16,      64733,      77444,  34.0,   7.9,  11.3,   5.0,   1.6,   2.0, 139.5,  20.5,  29.9,  21.6,   6.0,   8.5,  32.7,   5.0,   7.1,   4.9,   1.7,   2.3,  22.4,   5.3,   7.6,   8.4,   3.7,   5.3,  16.1,   2.9,   4.0,  12.4,   3.5,   4.9,   7.1,   2.1,   2.9, 196.9,  37.5,  54.7,  22.8,   5.8,   8.3,  25.0,   5.2,   7.4, 184.9,  29.2,  42.7,   5.0,   1.6,   2.2
2025120607050101,1,12060916,16,      69738,      85744,  32.3,   7.7,  11.0,   5.0,   1.6,   2.1, 140.8,  21.8,  31.7,  22.1,   6.2,   8.8,  33.5,   5.1,   7.2,   4.9,   1.8,   2.4,  22.9,   5.5,   7.8,   8.5,   2.8,   3.9,  15.9,   3.0,   4.2,  12.1,   3.5,   4.9,   7.0,   2.2,   2.9, 201.4,  39.8,  57.7,  23.2,   5.9,   8.4,  24.9,   5.4,   7.7, 175.4,  29.8,  43.2,   5.0,   1.7,   2.2
2025120607050101,1,12060921,16,      75667,      94104,  33.6,   7.8,  11.2,   4.9,   1.6,   2.1, 146.2,  22.6,  32.9,  23.1,   6.2,   8.8,  30.5,   5.2,   7.3,   4.8,   1.8,   2.4,  23.1,   4.8,   6.8,   8.6,   2.8,   3.9,  16.1,   3.1,   4.3,  12.2,   3.5,   4.9,   6.9,   2.1,   2.9, 208.0,  38.5,  56.1,  23.9,   5.7,   8.2,  25.4,   5.6,   7.9, 174.4,  30.8,  45.0,   5.1,   1.7,   2.1
2025120607050101,1,12060926,16,      84270,     108274,  35.3,   7.7,  11.0,   4.8,   1.7,   2.1, 148.1,  24.4,  35.1,  22.6,   6.5,   9.2,  31.7,   5.6,   7.9,   4.8,   1.9,   2.5,  23.7,   5.0,   7.0,   8.6,   2.7,   3.8,  16.5,   3.1,   4.3,  12.0,   3.6,   5.0,   6.9,   2.0,   2.6, 206.1,  36.1,  52.0,  24.4,   6.0,   8.5,  26.0,   5.7,   8.0, 182.6,  33.0,  47.6,   5.1,   1.7,   2.1
2025120607050101,1,12060931,16,      99701,     126640,  38.9,   8.0,  11.4,   4.8,   1.6,   2.1, 164.1,  25.2,  36.6,  23.2,   5.9,   8.5,  32.5,   5.8,   8.3,   5.2,   1.9,   2.6,  24.5,   4.8,   6.8,   8.9,   2.8,   3.9,  15.1,   3.0,   4.1,  10.7,   3.6,   5.0,   7.3,   1.9,   2.5, 188.5,  34.7,  50.4,  26.7,   6.3,   8.9,  23.4,   5.9,   8.4, 200.4,  35.2,  51.1,   4.8,   1.7,   2.2
2025120607050101,1,12060934,16,     113284,     148907,  38.2,   8.4,  12.2,   4.8,   1.6,   2.1, 176.3,  27.2,  39.8,  22.8,   6.1,   8.7,  30.9,   6.2,   8.9,   5.4,   2.0,   2.8,  24.8,   4.9,   6.9,   8.3,   2.5,   3.4,  15.0,   3.0,   4.2,  11.0,   3.4,   4.8,   7.0,   1.9,   2.5, 196.5,  35.7,  52.3,  27.6,   6.5,   9.3,  23.9,   6.0,   8.7, 198.7,  34.2,  50.2,   4.8,   1.6,   2.1
2025120607050101,1,12060939,16,     174685,     219698,  44.4,   9.0,  13.0,   5.4,   1.6,   2.1, 200.7,  27.8,  40.8,  19.8,   4.7,   6.7,  38.1,   7.0,  10.1,   6.0,   2.0,   2.8,  28.0,   5.1,   7.3,   8.1,   2.4,   3.3,  16.5,   3.5,   4.9,  10.8,   3.4,   4.7,   7.1,   1.9,   2.5, 223.2,  32.6,  47.8,  30.0,   6.6,   9.5,  27.1,   5.4,   7.8, 234.4,  39.3,  57.6,   3.7,   1.6,   2.1
2025120607050101,1,12060944,16,     372950,     488705,  64.7,  13.2,  19.4,   6.3,   1.6,   2.1, 316.3,  46.1,  68.2,  12.1,   3.6,   5.1,  50.1,   8.8,  12.9,   6.5,   1.9,   2.5,  34.7,   6.6,   9.6,   8.5,   2.6,   3.6,  21.4,   3.7,   5.3,  14.3,   3.9,   5.6,   7.2,   1.6,   2.1, 274.2,  44.1,  65.3,  27.5,   7.3,  10.6,  32.7,   7.0,  10.1, 357.3,  62.3,  92.2,   2.9,   1.6,   2.1
2025120607050101,3,12060945,16,     372953,     488720,  64.7,  13.2,  19.4,   6.3,   1.6,   2.1, 316.3,  46.1,  68.2,  12.1,   3.6,   5.1,  50.1,   8.8,  12.8,   6.5,   1.9,   2.5,  34.7,   6.6,   9.6,   8.5,   2.6,   3.6,  21.4,   3.7,   5.3,  14.3,   3.9,   5.6,   7.2,   1.6,   2.1, 274.2,  44.1,  65.3,  27.5,   7.3,  10.6,  32.7,   7.0,  10.1, 356.4,  62.3,  92.2,   2.9,   1.6,   2.1
2025120607050101,4,12060952,16,     372953,     488720,  64.7,  13.2,  19.4,   6.3,   1.6,   2.1, 316.3,  46.1,  68.2,  12.1,   3.6,   5.1,  50.1,   8.8,  12.8,   6.5,   1.9,   2.5,  34.7,   6.6,   9.6,   8.5,   2.6,   3.6,  21.4,   3.7,   5.3,  14.3,   3.9,   5.6,   7.2,   1.6,   2.1, 274.2,  44.1,  65.3,  27.5,   7.3,  10.6,  32.7,   7.0,  10.1, 356.4,  62.3,  92.2,   2.9,   1.6,   2.1
